caso,intento,inicio_utc,inicio_epoch,fin_epoch,estado,latencia_ms,error
lee-sj,1,2026-09-20T23:53:50.185+00:00,1789948430.185703,1789948430.194432,ok,8.687,
lee-limon,1,2026-09-20T23:53:50.186+00:00,1789948430.186100,1789948430.194779,ok,8.508,
lee-moneda,1,2026-09-20T23:53:50.187+00:00,1789948430.187553,1789948430.198513,ok,10.920,
escribe-cruza,1,2026-09-20T23:53:50.191+00:00,1789948430.191465,1789948430.222049,ok,30.544,
escribe-sj,1,2026-09-20T23:53:50.188+00:00,1789948430.188176,1789948430.248843,ok,60.626,
escribe-limon,1,2026-09-20T23:53:50.189+00:00,1789948430.189332,1789948430.270622,ok,81.251,
lee-sj,2,2026-09-20T23:53:50.385+00:00,1789948430.385813,1789948430.387025,ok,1.178,
lee-limon,2,2026-09-20T23:53:50.386+00:00,1789948430.386182,1789948430.387682,ok,1.447,
lee-moneda,2,2026-09-20T23:53:50.387+00:00,1789948430.387720,1789948430.388635,ok,0.887,
escribe-sj,2,2026-09-20T23:53:50.388+00:00,1789948430.388240,1789948430.417877,ok,29.599,
escribe-limon,2,2026-09-20T23:53:50.389+00:00,1789948430.389403,1789948430.421518,ok,32.071,
escribe-cruza,2,2026-09-20T23:53:50.391+00:00,1789948430.391682,1789948430.452002,ok,60.277,
lee-sj,3,2026-09-20T23:53:50.585+00:00,1789948430.585900,1789948430.587124,ok,1.193,
lee-limon,3,2026-09-20T23:53:50.586+00:00,1789948430.586257,1789948430.587893,ok,1.608,
lee-moneda,3,2026-09-20T23:53:50.587+00:00,1789948430.587920,1789948430.588831,ok,0.879,
escribe-sj,3,2026-09-20T23:53:50.588+00:00,1789948430.588303,1789948430.614070,ok,25.728,
escribe-limon,3,2026-09-20T23:53:50.589+00:00,1789948430.589488,1789948430.619328,ok,29.800,
escribe-cruza,3,2026-09-20T23:53:50.591+00:00,1789948430.591940,1789948430.650135,ok,58.099,
lee-sj,4,2026-09-20T23:53:50.785+00:00,1789948430.785985,1789948430.788583,ok,2.561,
lee-limon,4,2026-09-20T23:53:50.786+00:00,1789948430.786329,1789948430.788939,ok,2.584,
lee-moneda,4,2026-09-20T23:53:50.787+00:00,1789948430.787983,1789948430.789493,ok,1.479,
escribe-sj,4,2026-09-20T23:53:50.788+00:00,1789948430.788372,1789948430.808926,ok,20.511,
escribe-limon,4,2026-09-20T23:53:50.789+00:00,1789948430.789613,1789948430.813565,ok,23.912,
escribe-cruza,4,2026-09-20T23:53:50.792+00:00,1789948430.792011,1789948430.844859,ok,52.809,
lee-sj,5,2026-09-20T23:53:50.986+00:00,1789948430.986057,1789948430.987312,ok,1.223,
lee-limon,5,2026-09-20T23:53:50.986+00:00,1789948430.986363,1789948430.987808,ok,1.415,
lee-moneda,5,2026-09-20T23:53:50.988+00:00,1789948430.988047,1789948430.989341,ok,1.249,
escribe-sj,5,2026-09-20T23:53:50.988+00:00,1789948430.988436,1789948431.011371,ok,22.873,
escribe-limon,5,2026-09-20T23:53:50.989+00:00,1789948430.989678,1789948431.016342,ok,26.627,
escribe-cruza,5,2026-09-20T23:53:50.992+00:00,1789948430.992088,1789948431.047079,ok,54.947,
lee-sj,6,2026-09-20T23:53:51.186+00:00,1789948431.186170,1789948431.187874,ok,1.670,
lee-limon,6,2026-09-20T23:53:51.186+00:00,1789948431.186455,1789948431.189269,ok,2.758,
lee-moneda,6,2026-09-20T23:53:51.188+00:00,1789948431.188111,1789948431.190766,ok,2.619,
escribe-sj,6,2026-09-20T23:53:51.188+00:00,1789948431.188503,1789948431.218001,ok,29.406,
escribe-limon,6,2026-09-20T23:53:51.189+00:00,1789948431.189713,1789948431.227541,ok,37.740,
escribe-cruza,6,2026-09-20T23:53:51.192+00:00,1789948431.192155,1789948431.260042,ok,67.827,
lee-sj,7,2026-09-20T23:53:51.386+00:00,1789948431.386212,1789948431.387330,ok,1.081,
lee-limon,7,2026-09-20T23:53:51.386+00:00,1789948431.386521,1789948431.388077,ok,1.532,
lee-moneda,7,2026-09-20T23:53:51.388+00:00,1789948431.388174,1789948431.389132,ok,0.930,
escribe-sj,7,2026-09-20T23:53:51.388+00:00,1789948431.388580,1789948431.412025,ok,23.401,
escribe-limon,7,2026-09-20T23:53:51.389+00:00,1789948431.389776,1789948431.417204,ok,27.377,
escribe-cruza,7,2026-09-20T23:53:51.392+00:00,1789948431.392229,1789948431.447544,ok,55.271,
lee-sj,8,2026-09-20T23:53:51.586+00:00,1789948431.586283,1789948431.587463,ok,1.153,
lee-limon,8,2026-09-20T23:53:51.586+00:00,1789948431.586581,1789948431.588447,ok,1.838,
lee-moneda,8,2026-09-20T23:53:51.588+00:00,1789948431.588251,1789948431.589264,ok,0.983,
escribe-sj,8,2026-09-20T23:53:51.588+00:00,1789948431.588645,1789948431.610115,ok,21.424,
escribe-limon,8,2026-09-20T23:53:51.589+00:00,1789948431.589840,1789948431.617422,ok,27.545,
escribe-cruza,8,2026-09-20T23:53:51.592+00:00,1789948431.592302,1789948431.656169,ok,63.817,
lee-sj,9,2026-09-20T23:53:51.786+00:00,1789948431.786367,1789948431.787404,ok,1.003,
lee-limon,9,2026-09-20T23:53:51.786+00:00,1789948431.786647,1789948431.788126,ok,1.451,
lee-moneda,9,2026-09-20T23:53:51.788+00:00,1789948431.788316,1789948431.789285,ok,0.936,
escribe-sj,9,2026-09-20T23:53:51.788+00:00,1789948431.788683,1789948431.812112,ok,23.324,
escribe-limon,9,2026-09-20T23:53:51.789+00:00,1789948431.789904,1789948431.819191,ok,29.239,
escribe-cruza,9,2026-09-20T23:53:51.792+00:00,1789948431.792358,1789948431.848413,ok,56.015,
lee-sj,10,2026-09-20T23:53:51.986+00:00,1789948431.986436,1789948431.987870,ok,1.340,
lee-limon,10,2026-09-20T23:53:51.986+00:00,1789948431.986713,1789948431.988133,ok,1.289,
lee-moneda,10,2026-09-20T23:53:51.988+00:00,1789948431.988379,1789948431.989351,ok,0.940,
escribe-sj,10,2026-09-20T23:53:51.988+00:00,1789948431.988751,1789948432.012327,ok,23.533,
escribe-limon,10,2026-09-20T23:53:51.989+00:00,1789948431.989945,1789948432.012513,ok,22.495,
escribe-cruza,10,2026-09-20T23:53:51.992+00:00,1789948431.992432,1789948432.043387,ok,50.886,
lee-sj,11,2026-09-20T23:53:52.186+00:00,1789948432.186521,1789948432.187638,ok,1.082,
lee-limon,11,2026-09-20T23:53:52.186+00:00,1789948432.186779,1789948432.188138,ok,1.334,
lee-moneda,11,2026-09-20T23:53:52.188+00:00,1789948432.188439,1789948432.189438,ok,0.934,
escribe-limon,11,2026-09-20T23:53:52.190+00:00,1789948432.190010,1789948432.213315,ok,23.266,
escribe-sj,11,2026-09-20T23:53:52.188+00:00,1789948432.188780,1789948432.215726,ok,26.906,
escribe-cruza,11,2026-09-20T23:53:52.192+00:00,1789948432.192519,1789948432.249069,ok,56.504,
lee-sj,12,2026-09-20T23:53:52.386+00:00,1789948432.386591,1789948432.388111,ok,1.487,
lee-limon,12,2026-09-20T23:53:52.387+00:00,1789948432.387032,1789948432.389987,ok,2.926,
lee-moneda,12,2026-09-20T23:53:52.388+00:00,1789948432.388503,1789948432.390381,ok,1.555,
escribe-sj,12,2026-09-20T23:53:52.388+00:00,1789948432.388849,1789948432.413347,ok,24.459,
escribe-limon,12,2026-09-20T23:53:52.390+00:00,1789948432.390125,1789948432.416178,ok,26.008,
escribe-cruza,12,2026-09-20T23:53:52.392+00:00,1789948432.392564,1789948432.451121,ok,58.518,
lee-sj,13,2026-09-20T23:53:52.586+00:00,1789948432.586700,1789948432.588150,ok,1.415,
lee-limon,13,2026-09-20T23:53:52.587+00:00,1789948432.587097,1789948432.588396,ok,1.281,
lee-moneda,13,2026-09-20T23:53:52.588+00:00,1789948432.588565,1789948432.589633,ok,1.002,
escribe-sj,13,2026-09-20T23:53:52.588+00:00,1789948432.588918,1789948432.613503,ok,24.552,
escribe-limon,13,2026-09-20T23:53:52.590+00:00,1789948432.590192,1789948432.616194,ok,25.950,
escribe-cruza,13,2026-09-20T23:53:52.592+00:00,1789948432.592638,1789948432.647366,ok,54.661,
lee-sj,14,2026-09-20T23:53:52.786+00:00,1789948432.786814,1789948432.789819,ok,2.961,
lee-limon,14,2026-09-20T23:53:52.788+00:00,1789948432.788230,1789948432.791363,ok,3.098,
lee-moneda,14,2026-09-20T23:53:52.788+00:00,1789948432.788643,1789948432.792051,ok,3.310,
escribe-sj,14,2026-09-20T23:53:52.788+00:00,1789948432.788992,1789948432.817400,ok,28.332,
escribe-limon,14,2026-09-20T23:53:52.790+00:00,1789948432.790352,1789948432.822078,ok,31.690,
escribe-cruza,14,2026-09-20T23:53:52.792+00:00,1789948432.792706,1789948432.852360,ok,59.613,
lee-sj,15,2026-09-20T23:53:52.986+00:00,1789948432.986884,1789948432.988001,ok,1.083,
lee-moneda,15,2026-09-20T23:53:52.988+00:00,1789948432.988717,1789948432.990617,ok,1.857,
lee-limon,15,2026-09-20T23:53:52.988+00:00,1789948432.988322,1789948432.990969,ok,2.619,
escribe-cruza,15,2026-09-20T23:53:52.992+00:00,1789948432.992940,1789948433.019003,ok,26.030,
escribe-sj,15,2026-09-20T23:53:52.989+00:00,1789948432.989057,1789948433.045595,ok,56.496,
escribe-limon,15,2026-09-20T23:53:52.990+00:00,1789948432.990712,1789948433.067321,ok,76.575,
lee-sj,16,2026-09-20T23:53:53.186+00:00,1789948433.186966,1789948433.187939,ok,0.941,
lee-limon,16,2026-09-20T23:53:53.188+00:00,1789948433.188385,1789948433.189739,ok,1.321,
lee-moneda,16,2026-09-20T23:53:53.188+00:00,1789948433.188781,1789948433.189885,ok,1.054,
escribe-sj,16,2026-09-20T23:53:53.189+00:00,1789948433.189126,1789948433.214571,ok,25.410,
escribe-limon,16,2026-09-20T23:53:53.190+00:00,1789948433.190781,1789948433.220470,ok,29.654,
escribe-cruza,16,2026-09-20T23:53:53.193+00:00,1789948433.193292,1789948433.249230,ok,55.896,
lee-sj,17,2026-09-20T23:53:53.387+00:00,1789948433.387036,1789948433.388037,ok,0.967,
lee-limon,17,2026-09-20T23:53:53.388+00:00,1789948433.388453,1789948433.390096,ok,1.607,
lee-moneda,17,2026-09-20T23:53:53.388+00:00,1789948433.388850,1789948433.390325,ok,1.451,
escribe-sj,17,2026-09-20T23:53:53.389+00:00,1789948433.389170,1789948433.412526,ok,23.321,
escribe-limon,17,2026-09-20T23:53:53.390+00:00,1789948433.390849,1789948433.417912,ok,27.023,
escribe-cruza,17,2026-09-20T23:53:53.393+00:00,1789948433.393525,1789948433.447474,ok,53.902,
lee-sj,18,2026-09-20T23:53:53.587+00:00,1789948433.587125,1789948433.588123,ok,0.964,
lee-moneda,18,2026-09-20T23:53:53.588+00:00,1789948433.588914,1789948433.589779,ok,0.834,
lee-limon,18,2026-09-20T23:53:53.588+00:00,1789948433.588525,1789948433.590420,ok,1.826,
escribe-sj,18,2026-09-20T23:53:53.589+00:00,1789948433.589237,1789948433.609793,ok,20.511,
escribe-limon,18,2026-09-20T23:53:53.590+00:00,1789948433.590930,1789948433.614899,ok,23.934,
escribe-cruza,18,2026-09-20T23:53:53.594+00:00,1789948433.594367,1789948433.644780,ok,50.373,
lee-sj,19,2026-09-20T23:53:53.787+00:00,1789948433.787190,1789948433.788288,ok,1.061,
lee-limon,19,2026-09-20T23:53:53.788+00:00,1789948433.788590,1789948433.790119,ok,1.495,
lee-moneda,19,2026-09-20T23:53:53.788+00:00,1789948433.788977,1789948433.790268,ok,1.268,
escribe-sj,19,2026-09-20T23:53:53.789+00:00,1789948433.789304,1789948433.812192,ok,22.836,
escribe-limon,19,2026-09-20T23:53:53.790+00:00,1789948433.790999,1789948433.817240,ok,26.154,
escribe-cruza,19,2026-09-20T23:53:53.794+00:00,1789948433.794453,1789948433.849900,ok,55.401,
lee-sj,20,2026-09-20T23:53:53.987+00:00,1789948433.987262,1789948433.988678,ok,1.384,
lee-moneda,20,2026-09-20T23:53:53.989+00:00,1789948433.989041,1789948433.989963,ok,0.890,
lee-limon,20,2026-09-20T23:53:53.988+00:00,1789948433.988708,1789948433.990243,ok,1.514,
escribe-sj,20,2026-09-20T23:53:53.989+00:00,1789948433.989372,1789948434.011808,ok,22.394,
escribe-limon,20,2026-09-20T23:53:53.991+00:00,1789948433.991084,1789948434.018571,ok,27.444,
escribe-cruza,20,2026-09-20T23:53:53.994+00:00,1789948433.994524,1789948434.045855,ok,51.290,
lee-sj,21,2026-09-20T23:53:54.187+00:00,1789948434.187330,1789948434.188330,ok,0.960,
lee-moneda,21,2026-09-20T23:53:54.189+00:00,1789948434.189104,1789948434.189914,ok,0.776,
lee-limon,21,2026-09-20T23:53:54.188+00:00,1789948434.188771,1789948434.190227,ok,1.434,
escribe-sj,21,2026-09-20T23:53:54.189+00:00,1789948434.189403,1789948434.213627,ok,24.182,
escribe-limon,21,2026-09-20T23:53:54.191+00:00,1789948434.191172,1789948434.219003,ok,27.794,
escribe-cruza,21,2026-09-20T23:53:54.194+00:00,1789948434.194617,1789948434.248949,ok,54.289,
lee-sj,22,2026-09-20T23:53:54.387+00:00,1789948434.387410,1789948434.388451,ok,1.001,
lee-moneda,22,2026-09-20T23:53:54.389+00:00,1789948434.389171,1789948434.390051,ok,0.851,
lee-limon,22,2026-09-20T23:53:54.388+00:00,1789948434.388833,1789948434.390330,ok,1.475,
escribe-sj,22,2026-09-20T23:53:54.389+00:00,1789948434.389469,1789948434.411698,ok,22.179,
escribe-limon,22,2026-09-20T23:53:54.391+00:00,1789948434.391242,1789948434.417078,ok,25.747,
escribe-cruza,22,2026-09-20T23:53:54.394+00:00,1789948434.394701,1789948434.447704,ok,52.961,
lee-sj,23,2026-09-20T23:53:54.587+00:00,1789948434.587462,1789948434.588554,ok,1.053,
lee-moneda,23,2026-09-20T23:53:54.589+00:00,1789948434.589238,1789948434.590205,ok,0.933,
lee-limon,23,2026-09-20T23:53:54.588+00:00,1789948434.588895,1789948434.590365,ok,1.407,
escribe-sj,23,2026-09-20T23:53:54.589+00:00,1789948434.589508,1789948434.611153,ok,21.603,
escribe-limon,23,2026-09-20T23:53:54.591+00:00,1789948434.591329,1789948434.616279,ok,24.906,
escribe-cruza,23,2026-09-20T23:53:54.594+00:00,1789948434.594754,1789948434.649342,ok,54.542,
lee-sj,24,2026-09-20T23:53:54.787+00:00,1789948434.787536,1789948434.789030,ok,1.456,
lee-moneda,24,2026-09-20T23:53:54.789+00:00,1789948434.789300,1789948434.790185,ok,0.843,
lee-limon,24,2026-09-20T23:53:54.789+00:00,1789948434.789061,1789948434.791188,ok,2.084,
escribe-sj,24,2026-09-20T23:53:54.789+00:00,1789948434.789569,1789948434.811416,ok,21.806,
escribe-limon,24,2026-09-20T23:53:54.791+00:00,1789948434.791396,1789948434.814193,ok,22.740,
escribe-cruza,24,2026-09-20T23:53:54.794+00:00,1789948434.794841,1789948434.844145,ok,49.266,
lee-sj,25,2026-09-20T23:53:54.987+00:00,1789948434.987644,1789948434.988603,ok,0.930,
lee-limon,25,2026-09-20T23:53:54.989+00:00,1789948434.989130,1789948434.990779,ok,1.621,
lee-moneda,25,2026-09-20T23:53:54.989+00:00,1789948434.989738,1789948434.990925,ok,1.107,
escribe-sj,25,2026-09-20T23:53:54.989+00:00,1789948434.989635,1789948435.012113,ok,22.438,
escribe-limon,25,2026-09-20T23:53:54.991+00:00,1789948434.991472,1789948435.016578,ok,25.065,
escribe-cruza,25,2026-09-20T23:53:54.994+00:00,1789948434.994907,1789948435.047410,ok,52.456,
lee-sj,26,2026-09-20T23:53:55.187+00:00,1789948435.187727,1789948435.188657,ok,0.903,
lee-limon,26,2026-09-20T23:53:55.189+00:00,1789948435.189189,1789948435.190951,ok,1.725,
lee-moneda,26,2026-09-20T23:53:55.189+00:00,1789948435.189801,1789948435.191134,ok,1.311,
escribe-sj,26,2026-09-20T23:53:55.189+00:00,1789948435.189700,1789948435.209438,ok,19.693,
escribe-limon,26,2026-09-20T23:53:55.191+00:00,1789948435.191540,1789948435.219119,ok,27.538,
escribe-cruza,26,2026-09-20T23:53:55.196+00:00,1789948435.196572,1789948435.249885,ok,53.274,
lee-sj,27,2026-09-20T23:53:55.387+00:00,1789948435.387826,1789948435.388999,ok,1.147,
lee-moneda,27,2026-09-20T23:53:55.389+00:00,1789948435.389866,1789948435.391041,ok,1.108,
lee-limon,27,2026-09-20T23:53:55.389+00:00,1789948435.389253,1789948435.391289,ok,1.887,
escribe-sj,27,2026-09-20T23:53:55.389+00:00,1789948435.389766,1789948435.412294,ok,22.490,
escribe-limon,27,2026-09-20T23:53:55.391+00:00,1789948435.391605,1789948435.417442,ok,25.791,
escribe-cruza,27,2026-09-20T23:53:55.397+00:00,1789948435.397117,1789948435.448153,ok,50.985,
lee-sj,28,2026-09-20T23:53:55.587+00:00,1789948435.587896,1789948435.589035,ok,1.110,
lee-moneda,28,2026-09-20T23:53:55.589+00:00,1789948435.589948,1789948435.591077,ok,1.093,
lee-limon,28,2026-09-20T23:53:55.589+00:00,1789948435.589315,1789948435.591362,ok,2.020,
escribe-sj,28,2026-09-20T23:53:55.589+00:00,1789948435.589835,1789948435.612685,ok,22.805,
escribe-limon,28,2026-09-20T23:53:55.591+00:00,1789948435.591672,1789948435.618459,ok,26.748,
escribe-cruza,28,2026-09-20T23:53:55.597+00:00,1789948435.597291,1789948435.648666,ok,51.333,
lee-sj,29,2026-09-20T23:53:55.788+00:00,1789948435.788004,1789948435.788926,ok,0.895,
lee-limon,29,2026-09-20T23:53:55.789+00:00,1789948435.789377,1789948435.791137,ok,1.727,
lee-moneda,29,2026-09-20T23:53:55.790+00:00,1789948435.790015,1789948435.791319,ok,1.217,
escribe-sj,29,2026-09-20T23:53:55.789+00:00,1789948435.789891,1789948435.812622,ok,22.686,
escribe-limon,29,2026-09-20T23:53:55.791+00:00,1789948435.791738,1789948435.817887,ok,26.111,
escribe-cruza,29,2026-09-20T23:53:55.797+00:00,1789948435.797769,1789948435.848513,ok,50.704,
lee-sj,30,2026-09-20T23:53:55.988+00:00,1789948435.988127,1789948435.989113,ok,0.955,
lee-moneda,30,2026-09-20T23:53:55.990+00:00,1789948435.990083,1789948435.991330,ok,1.177,
escribe-sj,30,2026-09-20T23:53:55.989+00:00,1789948435.989975,1789948436.012319,ok,22.211,
lee-sj,31,2026-09-20T23:53:56.188+00:00,1789948436.188228,1789948436.189270,ok,1.013,
lee-moneda,31,2026-09-20T23:53:56.190+00:00,1789948436.190178,1789948436.191288,ok,1.076,
escribe-sj,31,2026-09-20T23:53:56.190+00:00,1789948436.190041,1789948436.223044,ok,32.965,
lee-sj,32,2026-09-20T23:53:56.388+00:00,1789948436.388296,1789948436.389246,ok,0.915,
lee-moneda,32,2026-09-20T23:53:56.390+00:00,1789948436.390244,1789948436.391301,ok,1.004,
escribe-sj,32,2026-09-20T23:53:56.390+00:00,1789948436.390104,1789948436.414011,ok,23.863,
lee-sj,33,2026-09-20T23:53:56.588+00:00,1789948436.588387,1789948436.589533,ok,1.110,
lee-moneda,33,2026-09-20T23:53:56.590+00:00,1789948436.590306,1789948436.591208,ok,0.869,
escribe-sj,33,2026-09-20T23:53:56.590+00:00,1789948436.590173,1789948436.613132,ok,22.919,
lee-sj,34,2026-09-20T23:53:56.788+00:00,1789948436.788456,1789948436.789654,ok,1.167,
lee-moneda,34,2026-09-20T23:53:56.790+00:00,1789948436.790372,1789948436.791991,ok,1.551,
escribe-sj,34,2026-09-20T23:53:56.790+00:00,1789948436.790251,1789948436.812471,ok,22.182,
lee-sj,35,2026-09-20T23:53:56.988+00:00,1789948436.988576,1789948436.989685,ok,1.080,
lee-moneda,35,2026-09-20T23:53:56.990+00:00,1789948436.990449,1789948436.991653,ok,1.169,
escribe-sj,35,2026-09-20T23:53:56.990+00:00,1789948436.990328,1789948437.004562,ok,14.196,
lee-sj,36,2026-09-20T23:53:57.188+00:00,1789948437.188697,1789948437.190228,ok,1.502,
lee-moneda,36,2026-09-20T23:53:57.190+00:00,1789948437.190517,1789948437.191559,ok,1.008,
escribe-sj,36,2026-09-20T23:53:57.190+00:00,1789948437.190392,1789948437.208288,ok,17.857,
lee-sj,37,2026-09-20T23:53:57.388+00:00,1789948437.388805,1789948437.389794,ok,0.962,
lee-moneda,37,2026-09-20T23:53:57.390+00:00,1789948437.390580,1789948437.391654,ok,1.006,
escribe-sj,37,2026-09-20T23:53:57.390+00:00,1789948437.390457,1789948437.414052,ok,23.554,
lee-sj,38,2026-09-20T23:53:57.588+00:00,1789948437.588914,1789948437.590029,ok,1.086,
lee-moneda,38,2026-09-20T23:53:57.590+00:00,1789948437.590647,1789948437.591545,ok,0.864,
escribe-sj,38,2026-09-20T23:53:57.590+00:00,1789948437.590521,1789948437.613238,ok,22.670,
lee-sj,39,2026-09-20T23:53:57.789+00:00,1789948437.789021,1789948437.790108,ok,1.058,
lee-moneda,39,2026-09-20T23:53:57.790+00:00,1789948437.790710,1789948437.791721,ok,0.957,
escribe-sj,39,2026-09-20T23:53:57.790+00:00,1789948437.790603,1789948437.814205,ok,23.561,
lee-sj,40,2026-09-20T23:53:57.989+00:00,1789948437.989127,1789948437.990207,ok,1.026,
lee-moneda,40,2026-09-20T23:53:57.990+00:00,1789948437.990790,1789948437.992081,ok,1.219,
lee-limon,30,2026-09-20T23:53:55.989+00:00,1789948435.989444,1789948437.992367,error,2002.847,QueryCanceled: query execution canceled due to statement timeout
escribe-limon,30,2026-09-20T23:53:55.991+00:00,1789948435.991791,1789948437.998710,error,2006.878,QueryCanceled: query execution canceled due to statement timeout
escribe-cruza,30,2026-09-20T23:53:55.997+00:00,1789948435.997877,1789948438.002599,error,2004.676,QueryCanceled: query execution canceled due to statement timeout
escribe-sj,40,2026-09-20T23:53:57.990+00:00,1789948437.990669,1789948438.018231,ok,27.498,
lee-sj,41,2026-09-20T23:53:58.189+00:00,1789948438.189175,1789948438.190048,ok,0.846,
lee-moneda,41,2026-09-20T23:53:58.190+00:00,1789948438.190942,1789948438.191806,ok,0.831,
lee-moneda,42,2026-09-20T23:53:58.391+00:00,1789948438.391029,1789948438.392047,ok,0.983,
lee-moneda,43,2026-09-20T23:53:58.591+00:00,1789948438.591097,1789948438.592113,ok,0.984,
lee-moneda,44,2026-09-20T23:53:58.791+00:00,1789948438.791167,1789948438.792095,ok,0.896,
lee-moneda,45,2026-09-20T23:53:58.991+00:00,1789948438.991238,1789948438.992194,ok,0.908,
lee-moneda,46,2026-09-20T23:53:59.191+00:00,1789948439.191305,1789948439.192304,ok,0.965,
lee-moneda,47,2026-09-20T23:53:59.391+00:00,1789948439.391374,1789948439.392354,ok,0.934,
lee-moneda,48,2026-09-20T23:53:59.591+00:00,1789948439.591439,1789948439.592420,ok,0.948,
lee-moneda,49,2026-09-20T23:53:59.791+00:00,1789948439.791507,1789948439.792730,ok,1.119,
lee-moneda,50,2026-09-20T23:53:59.991+00:00,1789948439.991575,1789948439.992653,ok,1.046,
lee-limon,31,2026-09-20T23:53:57.992+00:00,1789948437.992472,1789948439.997854,error,2005.345,QueryCanceled: query execution canceled due to statement timeout
escribe-limon,31,2026-09-20T23:53:57.999+00:00,1789948437.999053,1789948440.005303,error,2006.206,QueryCanceled: query execution canceled due to statement timeout
escribe-cruza,31,2026-09-20T23:53:58.002+00:00,1789948438.002737,1789948440.029640,error,2026.810,QueryCanceled: query execution canceled due to statement timeout
escribe-sj,41,2026-09-20T23:53:58.190+00:00,1789948438.190783,1789948440.061258,ok,1870.440,
lee-sj,42,2026-09-20T23:53:58.389+00:00,1789948438.389260,1789948440.072203,ok,1682.903,
lee-sj,43,2026-09-20T23:54:00.072+00:00,1789948440.072317,1789948440.073360,ok,1.008,
escribe-sj,42,2026-09-20T23:54:00.061+00:00,1789948440.061368,1789948440.095865,ok,34.453,
lee-moneda,51,2026-09-20T23:54:00.191+00:00,1789948440.191645,1789948440.192613,ok,0.909,
escribe-sj,43,2026-09-20T23:54:00.261+00:00,1789948440.261454,1789948440.284618,ok,23.092,
lee-sj,44,2026-09-20T23:54:00.272+00:00,1789948440.272386,1789948440.292618,ok,20.205,
lee-moneda,52,2026-09-20T23:54:00.391+00:00,1789948440.391718,1789948440.392617,ok,0.866,
escribe-sj,44,2026-09-20T23:54:00.461+00:00,1789948440.461532,1789948440.484221,ok,22.646,
lee-sj,45,2026-09-20T23:54:00.472+00:00,1789948440.472499,1789948440.492235,ok,19.710,
lee-moneda,53,2026-09-20T23:54:00.591+00:00,1789948440.591786,1789948440.592754,ok,0.921,
escribe-sj,45,2026-09-20T23:54:00.661+00:00,1789948440.661600,1789948440.680459,ok,18.817,
lee-sj,46,2026-09-20T23:54:00.672+00:00,1789948440.672566,1789948440.691613,ok,19.010,
lee-moneda,54,2026-09-20T23:54:00.791+00:00,1789948440.791858,1789948440.792812,ok,0.907,
escribe-sj,46,2026-09-20T23:54:00.861+00:00,1789948440.861670,1789948440.895991,ok,34.267,
lee-sj,47,2026-09-20T23:54:00.872+00:00,1789948440.872673,1789948440.907831,ok,35.131,
lee-moneda,55,2026-09-20T23:54:00.991+00:00,1789948440.991928,1789948440.992880,ok,0.919,
escribe-sj,47,2026-09-20T23:54:01.061+00:00,1789948441.061739,1789948441.085013,ok,23.238,
lee-sj,48,2026-09-20T23:54:01.072+00:00,1789948441.072779,1789948441.093271,ok,20.465,
lee-moneda,56,2026-09-20T23:54:01.192+00:00,1789948441.192001,1789948441.192987,ok,0.954,
escribe-sj,48,2026-09-20T23:54:01.261+00:00,1789948441.261846,1789948441.284920,ok,23.017,
lee-sj,49,2026-09-20T23:54:01.272+00:00,1789948441.272848,1789948441.293545,ok,20.667,
lee-moneda,57,2026-09-20T23:54:01.392+00:00,1789948441.392072,1789948441.393025,ok,0.921,
escribe-sj,49,2026-09-20T23:54:01.461+00:00,1789948441.461917,1789948441.484959,ok,22.968,
lee-sj,50,2026-09-20T23:54:01.472+00:00,1789948441.472958,1789948441.493043,ok,20.052,
lee-moneda,58,2026-09-20T23:54:01.592+00:00,1789948441.592144,1789948441.593108,ok,0.935,
lee-moneda,59,2026-09-20T23:54:01.792+00:00,1789948441.792222,1789948441.793101,ok,0.847,
lee-moneda,60,2026-09-20T23:54:01.992+00:00,1789948441.992304,1789948441.993286,ok,0.935,
lee-limon,32,2026-09-20T23:53:59.998+00:00,1789948439.998001,1789948442.000611,error,2002.572,QueryCanceled: query execution canceled due to statement timeout
escribe-sj,50,2026-09-20T23:54:01.662+00:00,1789948441.662050,1789948442.001626,ok,339.539,
escribe-limon,32,2026-09-20T23:54:00.005+00:00,1789948440.005484,1789948442.009436,error,2003.920,QueryCanceled: query execution canceled due to statement timeout
escribe-cruza,32,2026-09-20T23:54:00.029+00:00,1789948440.029770,1789948442.032522,error,2002.705,QueryCanceled: query execution canceled due to statement timeout
lee-limon,33,2026-09-20T23:54:02.001+00:00,1789948442.001348,1789948442.071035,ok,69.646,
lee-sj,51,2026-09-20T23:54:01.673+00:00,1789948441.673027,1789948442.085902,ok,412.799,
lee-moneda,61,2026-09-20T23:54:02.192+00:00,1789948442.192369,1789948442.193294,ok,0.892,
lee-moneda,62,2026-09-20T23:54:02.392+00:00,1789948442.392441,1789948442.393636,ok,1.152,
escribe-limon,33,2026-09-20T23:54:02.009+00:00,1789948442.009547,1789948442.481840,ok,472.255,
lee-limon,34,2026-09-20T23:54:02.201+00:00,1789948442.201413,1789948442.545128,ok,343.678,
lee-limon,35,2026-09-20T23:54:02.545+00:00,1789948442.545527,1789948442.547451,ok,1.850,
lee-moneda,63,2026-09-20T23:54:02.592+00:00,1789948442.592525,1789948442.593524,ok,0.958,
lee-moneda,64,2026-09-20T23:54:02.792+00:00,1789948442.792595,1789948442.793787,ok,1.140,
lee-moneda,65,2026-09-20T23:54:02.992+00:00,1789948442.992663,1789948442.993672,ok,0.979,
lee-moneda,66,2026-09-20T23:54:03.192+00:00,1789948443.192729,1789948443.193631,ok,0.870,
lee-moneda,67,2026-09-20T23:54:03.392+00:00,1789948443.392795,1789948443.393769,ok,0.942,
escribe-limon,34,2026-09-20T23:54:02.482+00:00,1789948442.482027,1789948443.587619,ok,1105.550,
lee-moneda,68,2026-09-20T23:54:03.592+00:00,1789948443.592865,1789948443.594036,ok,1.067,
lee-moneda,69,2026-09-20T23:54:03.793+00:00,1789948443.793029,1789948443.794005,ok,0.944,
lee-moneda,70,2026-09-20T23:54:03.993+00:00,1789948443.993094,1789948443.994598,ok,1.473,
lee-sj,52,2026-09-20T23:54:02.086+00:00,1789948442.086491,1789948444.089118,error,2002.551,QueryCanceled: query execution canceled due to statement timeout
escribe-cruza,33,2026-09-20T23:54:02.032+00:00,1789948442.032631,1789948444.090613,error,2057.946,QueryCanceled: query execution canceled due to statement timeout
escribe-sj,51,2026-09-20T23:54:02.001+00:00,1789948442.001754,1789948444.090858,error,2089.084,QueryCanceled: query execution canceled due to statement timeout
lee-moneda,71,2026-09-20T23:54:04.193+00:00,1789948444.193166,1789948444.194176,ok,0.944,
lee-moneda,72,2026-09-20T23:54:04.393+00:00,1789948444.393233,1789948444.394217,ok,0.953,
lee-limon,36,2026-09-20T23:54:02.745+00:00,1789948442.745641,1789948444.466603,ok,1720.801,
lee-moneda,73,2026-09-20T23:54:04.593+00:00,1789948444.593298,1789948444.594225,ok,0.894,
lee-moneda,74,2026-09-20T23:54:04.793+00:00,1789948444.793363,1789948444.794294,ok,0.903,
lee-moneda,75,2026-09-20T23:54:04.993+00:00,1789948444.993428,1789948444.994368,ok,0.894,
lee-moneda,76,2026-09-20T23:54:05.193+00:00,1789948445.193494,1789948445.194497,ok,0.968,
lee-sj,53,2026-09-20T23:54:04.089+00:00,1789948444.089340,1789948445.341890,ok,1252.519,
lee-sj,54,2026-09-20T23:54:05.342+00:00,1789948445.342001,1789948445.342968,ok,0.938,
lee-moneda,77,2026-09-20T23:54:05.393+00:00,1789948445.393561,1789948445.394457,ok,0.865,
lee-sj,55,2026-09-20T23:54:05.542+00:00,1789948445.542110,1789948445.543193,ok,1.039,
lee-moneda,78,2026-09-20T23:54:05.593+00:00,1789948445.593627,1789948445.594738,ok,1.084,
escribe-cruza,34,2026-09-20T23:54:04.090+00:00,1789948444.090887,1789948445.691294,ok,1600.338,
lee-sj,56,2026-09-20T23:54:05.742+00:00,1789948445.742211,1789948445.743461,ok,1.224,
lee-moneda,79,2026-09-20T23:54:05.793+00:00,1789948445.793708,1789948445.794780,ok,1.043,
escribe-limon,35,2026-09-20T23:54:03.588+00:00,1789948443.588062,1789948445.927962,ok,2339.858,
lee-sj,57,2026-09-20T23:54:05.942+00:00,1789948445.942293,1789948445.943362,ok,1.042,
lee-moneda,80,2026-09-20T23:54:05.993+00:00,1789948445.993790,1789948445.994800,ok,0.981,
escribe-sj,52,2026-09-20T23:54:04.091+00:00,1789948444.091066,1789948446.094959,error,2003.851,QueryCanceled: query execution canceled due to statement timeout
lee-limon,37,2026-09-20T23:54:04.466+00:00,1789948444.466931,1789948446.116456,ok,1649.487,
lee-limon,38,2026-09-20T23:54:06.116+00:00,1789948446.116582,1789948446.118343,ok,1.728,
lee-moneda,81,2026-09-20T23:54:06.193+00:00,1789948446.193898,1789948446.194846,ok,0.923,
escribe-cruza,35,2026-09-20T23:54:05.691+00:00,1789948445.691435,1789948446.292211,ok,600.738,
lee-limon,39,2026-09-20T23:54:06.316+00:00,1789948446.316666,1789948446.318198,ok,1.447,
lee-moneda,82,2026-09-20T23:54:06.393+00:00,1789948446.393962,1789948446.394938,ok,0.947,
lee-limon,40,2026-09-20T23:54:06.516+00:00,1789948446.516733,1789948446.518196,ok,1.432,
lee-moneda,83,2026-09-20T23:54:06.594+00:00,1789948446.594079,1789948446.595098,ok,0.973,
lee-limon,41,2026-09-20T23:54:06.716+00:00,1789948446.716807,1789948446.718498,ok,1.654,
lee-moneda,84,2026-09-20T23:54:06.794+00:00,1789948446.794146,1789948446.795118,ok,0.940,
lee-limon,42,2026-09-20T23:54:06.916+00:00,1789948446.916928,1789948446.918407,ok,1.453,
lee-moneda,85,2026-09-20T23:54:06.994+00:00,1789948446.994171,1789948446.995038,ok,0.841,
lee-limon,43,2026-09-20T23:54:07.116+00:00,1789948447.116998,1789948447.118772,ok,1.715,
lee-moneda,86,2026-09-20T23:54:07.194+00:00,1789948447.194250,1789948447.195118,ok,0.841,
lee-limon,44,2026-09-20T23:54:07.317+00:00,1789948447.317080,1789948447.318632,ok,1.514,
lee-moneda,87,2026-09-20T23:54:07.394+00:00,1789948447.394499,1789948447.397708,ok,3.175,
lee-limon,45,2026-09-20T23:54:07.517+00:00,1789948447.517153,1789948447.518895,ok,1.709,
lee-moneda,88,2026-09-20T23:54:07.594+00:00,1789948447.594568,1789948447.595515,ok,0.916,
lee-limon,46,2026-09-20T23:54:07.717+00:00,1789948447.717174,1789948447.718698,ok,1.494,
lee-moneda,89,2026-09-20T23:54:07.794+00:00,1789948447.794637,1789948447.795591,ok,0.922,
lee-limon,47,2026-09-20T23:54:07.917+00:00,1789948447.917225,1789948447.919004,ok,1.749,
escribe-limon,36,2026-09-20T23:54:05.928+00:00,1789948445.928110,1789948447.932519,error,2004.375,QueryCanceled: query execution canceled due to statement timeout
lee-moneda,90,2026-09-20T23:54:07.994+00:00,1789948447.994707,1789948447.995687,ok,0.948,
lee-sj,58,2026-09-20T23:54:06.142+00:00,1789948446.142360,1789948448.144121,error,2001.727,QueryCanceled: query execution canceled due to statement timeout
lee-moneda,91,2026-09-20T23:54:08.194+00:00,1789948448.194776,1789948448.195739,ok,0.918,
escribe-sj,53,2026-09-20T23:54:06.095+00:00,1789948446.095088,1789948448.312687,ok,2217.556,
lee-moneda,92,2026-09-20T23:54:08.394+00:00,1789948448.394846,1789948448.396036,ok,1.153,
lee-sj,59,2026-09-20T23:54:08.144+00:00,1789948448.144245,1789948448.408932,ok,264.647,
lee-sj,60,2026-09-20T23:54:08.409+00:00,1789948448.409758,1789948448.410770,ok,0.978,
escribe-cruza,36,2026-09-20T23:54:06.292+00:00,1789948446.292335,1789948448.539744,ok,2247.370,
lee-moneda,93,2026-09-20T23:54:08.594+00:00,1789948448.594952,1789948448.595798,ok,0.821,
lee-sj,61,2026-09-20T23:54:08.609+00:00,1789948448.609823,1789948448.610809,ok,0.952,
escribe-limon,37,2026-09-20T23:54:07.932+00:00,1789948447.932707,1789948448.752394,ok,819.645,
lee-moneda,94,2026-09-20T23:54:08.795+00:00,1789948448.795019,1789948448.795898,ok,0.853,
lee-sj,62,2026-09-20T23:54:08.809+00:00,1789948448.809890,1789948448.810896,ok,0.971,
lee-limon,48,2026-09-20T23:54:08.117+00:00,1789948448.117293,1789948448.816072,ok,698.734,
lee-limon,49,2026-09-20T23:54:08.816+00:00,1789948448.816397,1789948448.817989,ok,1.549,
escribe-cruza,37,2026-09-20T23:54:08.539+00:00,1789948448.539932,1789948448.925429,ok,385.463,
escribe-sj,54,2026-09-20T23:54:08.313+00:00,1789948448.313146,1789948448.992384,ok,679.151,
lee-moneda,95,2026-09-20T23:54:08.995+00:00,1789948448.995064,1789948448.996455,ok,1.340,
lee-limon,50,2026-09-20T23:54:09.016+00:00,1789948449.016473,1789948449.018501,ok,2.000,
escribe-cruza,38,2026-09-20T23:54:08.925+00:00,1789948448.925554,1789948449.022038,ok,96.392,
escribe-limon,38,2026-09-20T23:54:08.752+00:00,1789948448.752580,1789948449.061017,ok,308.404,
escribe-sj,55,2026-09-20T23:54:08.992+00:00,1789948448.992526,1789948449.068059,ok,75.477,
lee-sj,63,2026-09-20T23:54:09.009+00:00,1789948449.009962,1789948449.079121,ok,69.119,
escribe-limon,39,2026-09-20T23:54:09.061+00:00,1789948449.061138,1789948449.093682,ok,32.500,
escribe-cruza,39,2026-09-20T23:54:09.125+00:00,1789948449.125637,1789948449.149623,ok,23.923,
lee-moneda,96,2026-09-20T23:54:09.195+00:00,1789948449.195301,1789948449.196532,ok,1.199,
escribe-sj,56,2026-09-20T23:54:09.192+00:00,1789948449.192596,1789948449.216262,ok,23.626,
lee-limon,51,2026-09-20T23:54:09.216+00:00,1789948449.216539,1789948449.217908,ok,1.336,
lee-sj,64,2026-09-20T23:54:09.210+00:00,1789948449.210046,1789948449.224241,ok,14.165,
escribe-limon,40,2026-09-20T23:54:09.261+00:00,1789948449.261177,1789948449.289351,ok,28.091,
escribe-cruza,40,2026-09-20T23:54:09.325+00:00,1789948449.325720,1789948449.349689,ok,23.935,
lee-moneda,97,2026-09-20T23:54:09.395+00:00,1789948449.395329,1789948449.397295,ok,1.908,
escribe-sj,57,2026-09-20T23:54:09.392+00:00,1789948449.392704,1789948449.416657,ok,23.913,
lee-limon,52,2026-09-20T23:54:09.416+00:00,1789948449.416695,1789948449.418195,ok,1.439,
lee-sj,65,2026-09-20T23:54:09.410+00:00,1789948449.410114,1789948449.425018,ok,14.876,
escribe-limon,41,2026-09-20T23:54:09.461+00:00,1789948449.461272,1789948449.486019,ok,24.675,
escribe-cruza,41,2026-09-20T23:54:09.525+00:00,1789948449.525830,1789948449.543937,ok,18.067,
lee-moneda,98,2026-09-20T23:54:09.595+00:00,1789948449.595717,1789948449.596792,ok,1.014,
escribe-sj,58,2026-09-20T23:54:09.592+00:00,1789948449.592811,1789948449.616399,ok,23.496,
lee-limon,53,2026-09-20T23:54:09.616+00:00,1789948449.616789,1789948449.618227,ok,1.411,
lee-sj,66,2026-09-20T23:54:09.610+00:00,1789948449.610230,1789948449.624334,ok,14.075,
escribe-limon,42,2026-09-20T23:54:09.661+00:00,1789948449.661371,1789948449.686321,ok,24.918,
escribe-cruza,42,2026-09-20T23:54:09.725+00:00,1789948449.725937,1789948449.750217,ok,24.216,
lee-moneda,99,2026-09-20T23:54:09.795+00:00,1789948449.795754,1789948449.796742,ok,0.910,
escribe-sj,59,2026-09-20T23:54:09.792+00:00,1789948449.792893,1789948449.816091,ok,23.162,
lee-limon,54,2026-09-20T23:54:09.816+00:00,1789948449.816859,1789948449.818336,ok,1.447,
lee-sj,67,2026-09-20T23:54:09.810+00:00,1789948449.810299,1789948449.825036,ok,14.706,
escribe-limon,43,2026-09-20T23:54:09.861+00:00,1789948449.861470,1789948449.885548,ok,24.044,
escribe-cruza,43,2026-09-20T23:54:09.926+00:00,1789948449.926057,1789948449.949619,ok,23.521,
lee-moneda,100,2026-09-20T23:54:09.995+00:00,1789948449.995833,1789948449.996837,ok,0.969,
escribe-sj,60,2026-09-20T23:54:09.992+00:00,1789948449.992961,1789948450.016616,ok,23.617,
lee-limon,55,2026-09-20T23:54:10.016+00:00,1789948450.016937,1789948450.018514,ok,1.548,
lee-sj,68,2026-09-20T23:54:10.010+00:00,1789948450.010412,1789948450.024685,ok,14.241,
escribe-limon,44,2026-09-20T23:54:10.061+00:00,1789948450.061539,1789948450.083248,ok,21.670,
escribe-cruza,44,2026-09-20T23:54:10.126+00:00,1789948450.126176,1789948450.149712,ok,23.494,
lee-moneda,101,2026-09-20T23:54:10.195+00:00,1789948450.195870,1789948450.196702,ok,0.800,
escribe-sj,61,2026-09-20T23:54:10.193+00:00,1789948450.193081,1789948450.216684,ok,23.560,
lee-limon,56,2026-09-20T23:54:10.217+00:00,1789948450.217005,1789948450.218481,ok,1.449,
lee-sj,69,2026-09-20T23:54:10.210+00:00,1789948450.210481,1789948450.225080,ok,14.573,
escribe-limon,45,2026-09-20T23:54:10.261+00:00,1789948450.261648,1789948450.285551,ok,23.851,
escribe-cruza,45,2026-09-20T23:54:10.326+00:00,1789948450.326227,1789948450.345305,ok,19.039,
lee-moneda,102,2026-09-20T23:54:10.395+00:00,1789948450.395937,1789948450.396743,ok,0.775,
escribe-sj,62,2026-09-20T23:54:10.393+00:00,1789948450.393151,1789948450.416224,ok,23.035,
lee-limon,57,2026-09-20T23:54:10.417+00:00,1789948450.417068,1789948450.418667,ok,1.563,
lee-sj,70,2026-09-20T23:54:10.410+00:00,1789948450.410554,1789948450.424466,ok,13.885,
escribe-limon,46,2026-09-20T23:54:10.461+00:00,1789948450.461771,1789948450.485748,ok,23.938,
escribe-cruza,46,2026-09-20T23:54:10.526+00:00,1789948450.526297,1789948450.550776,ok,24.441,
lee-moneda,103,2026-09-20T23:54:10.596+00:00,1789948450.596006,1789948450.596984,ok,0.926,
escribe-sj,63,2026-09-20T23:54:10.593+00:00,1789948450.593208,1789948450.616469,ok,23.226,
lee-limon,58,2026-09-20T23:54:10.617+00:00,1789948450.617146,1789948450.618509,ok,1.333,
lee-sj,71,2026-09-20T23:54:10.610+00:00,1789948450.610638,1789948450.624875,ok,14.210,
escribe-limon,47,2026-09-20T23:54:10.661+00:00,1789948450.661880,1789948450.685822,ok,23.907,
escribe-cruza,47,2026-09-20T23:54:10.726+00:00,1789948450.726381,1789948450.750211,ok,23.788,
lee-moneda,104,2026-09-20T23:54:10.796+00:00,1789948450.796075,1789948450.796902,ok,0.792,
escribe-sj,64,2026-09-20T23:54:10.793+00:00,1789948450.793278,1789948450.815681,ok,22.361,
lee-limon,59,2026-09-20T23:54:10.817+00:00,1789948450.817173,1789948450.818674,ok,1.470,
lee-sj,72,2026-09-20T23:54:10.810+00:00,1789948450.810708,1789948450.824008,ok,13.272,
escribe-limon,48,2026-09-20T23:54:10.861+00:00,1789948450.861986,1789948450.886861,ok,24.841,
escribe-cruza,48,2026-09-20T23:54:10.926+00:00,1789948450.926449,1789948450.951782,ok,25.294,
lee-moneda,105,2026-09-20T23:54:10.996+00:00,1789948450.996142,1789948450.997122,ok,0.911,
escribe-sj,65,2026-09-20T23:54:10.993+00:00,1789948450.993348,1789948451.016389,ok,22.997,
lee-limon,60,2026-09-20T23:54:11.017+00:00,1789948451.017239,1789948451.018639,ok,1.370,
lee-sj,73,2026-09-20T23:54:11.010+00:00,1789948451.010814,1789948451.024860,ok,14.005,
escribe-limon,49,2026-09-20T23:54:11.062+00:00,1789948451.062055,1789948451.085943,ok,23.845,
escribe-cruza,49,2026-09-20T23:54:11.126+00:00,1789948451.126551,1789948451.149876,ok,23.193,
lee-moneda,106,2026-09-20T23:54:11.196+00:00,1789948451.196218,1789948451.198421,ok,2.106,
escribe-sj,66,2026-09-20T23:54:11.193+00:00,1789948451.193420,1789948451.219149,ok,25.686,
lee-limon,61,2026-09-20T23:54:11.217+00:00,1789948451.217309,1789948451.220067,ok,2.721,
lee-sj,74,2026-09-20T23:54:11.210+00:00,1789948451.210953,1789948451.224542,ok,13.561,
escribe-limon,50,2026-09-20T23:54:11.262+00:00,1789948451.262169,1789948451.288424,ok,26.213,
escribe-cruza,50,2026-09-20T23:54:11.326+00:00,1789948451.326624,1789948451.351449,ok,24.782,
lee-moneda,107,2026-09-20T23:54:11.396+00:00,1789948451.396329,1789948451.397774,ok,1.360,
escribe-sj,67,2026-09-20T23:54:11.393+00:00,1789948451.393492,1789948451.417649,ok,24.100,
lee-limon,62,2026-09-20T23:54:11.417+00:00,1789948451.417350,1789948451.419639,ok,2.248,
lee-sj,75,2026-09-20T23:54:11.411+00:00,1789948451.411049,1789948451.426557,ok,15.461,
escribe-limon,51,2026-09-20T23:54:11.462+00:00,1789948451.462250,1789948451.491845,ok,29.557,
escribe-cruza,51,2026-09-20T23:54:11.526+00:00,1789948451.526746,1789948451.570571,ok,43.780,
lee-moneda,108,2026-09-20T23:54:11.596+00:00,1789948451.596548,1789948451.599281,ok,2.559,
lee-limon,63,2026-09-20T23:54:11.617+00:00,1789948451.617440,1789948451.620374,ok,2.862,
escribe-sj,68,2026-09-20T23:54:11.593+00:00,1789948451.593583,1789948451.627543,ok,33.671,
lee-sj,76,2026-09-20T23:54:11.611+00:00,1789948451.611130,1789948451.641405,ok,30.245,
escribe-limon,52,2026-09-20T23:54:11.662+00:00,1789948451.662323,1789948451.691116,ok,28.741,
escribe-cruza,52,2026-09-20T23:54:11.726+00:00,1789948451.726817,1789948451.759661,ok,32.798,
lee-moneda,109,2026-09-20T23:54:11.796+00:00,1789948451.796633,1789948451.798569,ok,1.869,
escribe-sj,69,2026-09-20T23:54:11.793+00:00,1789948451.793667,1789948451.818764,ok,25.063,
lee-limon,64,2026-09-20T23:54:11.817+00:00,1789948451.817524,1789948451.819931,ok,2.376,
lee-sj,77,2026-09-20T23:54:11.811+00:00,1789948451.811200,1789948451.827432,ok,16.200,
escribe-limon,53,2026-09-20T23:54:11.862+00:00,1789948451.862442,1789948451.883185,ok,20.637,
escribe-cruza,53,2026-09-20T23:54:11.926+00:00,1789948451.926883,1789948451.952653,ok,25.642,
lee-moneda,110,2026-09-20T23:54:11.996+00:00,1789948451.996752,1789948451.997621,ok,0.843,
lee-limon,65,2026-09-20T23:54:12.017+00:00,1789948452.017604,1789948452.019070,ok,1.430,
escribe-sj,70,2026-09-20T23:54:11.993+00:00,1789948451.993771,1789948452.020636,ok,26.830,
lee-sj,78,2026-09-20T23:54:12.011+00:00,1789948452.011268,1789948452.028573,ok,17.271,
escribe-limon,54,2026-09-20T23:54:12.062+00:00,1789948452.062528,1789948452.087707,ok,25.088,
escribe-cruza,54,2026-09-20T23:54:12.126+00:00,1789948452.126969,1789948452.156296,ok,29.286,
lee-moneda,111,2026-09-20T23:54:12.196+00:00,1789948452.196827,1789948452.197876,ok,1.011,
escribe-sj,71,2026-09-20T23:54:12.193+00:00,1789948452.193844,1789948452.216980,ok,23.098,
lee-limon,66,2026-09-20T23:54:12.217+00:00,1789948452.217672,1789948452.219566,ok,1.839,
lee-sj,79,2026-09-20T23:54:12.211+00:00,1789948452.211342,1789948452.225558,ok,14.181,
escribe-limon,55,2026-09-20T23:54:12.262+00:00,1789948452.262611,1789948452.286613,ok,23.935,
escribe-cruza,55,2026-09-20T23:54:12.327+00:00,1789948452.327040,1789948452.344887,ok,17.805,
lee-moneda,112,2026-09-20T23:54:12.396+00:00,1789948452.396899,1789948452.397863,ok,0.926,
escribe-sj,72,2026-09-20T23:54:12.393+00:00,1789948452.393918,1789948452.410187,ok,16.209,
lee-sj,80,2026-09-20T23:54:12.411+00:00,1789948452.411413,1789948452.418434,ok,6.933,
lee-limon,67,2026-09-20T23:54:12.417+00:00,1789948452.417757,1789948452.419859,ok,2.044,
escribe-limon,56,2026-09-20T23:54:12.462+00:00,1789948452.462686,1789948452.489516,ok,26.730,
escribe-cruza,56,2026-09-20T23:54:12.527+00:00,1789948452.527131,1789948452.551825,ok,24.651,
lee-moneda,113,2026-09-20T23:54:12.596+00:00,1789948452.596969,1789948452.599369,ok,2.361,
lee-limon,68,2026-09-20T23:54:12.617+00:00,1789948452.617827,1789948452.619348,ok,1.490,
escribe-sj,73,2026-09-20T23:54:12.593+00:00,1789948452.593996,1789948452.635679,ok,41.642,
lee-sj,81,2026-09-20T23:54:12.611+00:00,1789948452.611498,1789948452.646768,ok,35.235,
escribe-limon,57,2026-09-20T23:54:12.662+00:00,1789948452.662793,1789948452.690093,ok,27.233,
escribe-cruza,57,2026-09-20T23:54:12.727+00:00,1789948452.727174,1789948452.748309,ok,21.049,
lee-moneda,114,2026-09-20T23:54:12.797+00:00,1789948452.797036,1789948452.797978,ok,0.906,
lee-limon,69,2026-09-20T23:54:12.817+00:00,1789948452.817896,1789948452.819670,ok,1.746,
escribe-sj,74,2026-09-20T23:54:12.794+00:00,1789948452.794065,1789948452.832783,ok,38.672,
lee-sj,82,2026-09-20T23:54:12.811+00:00,1789948452.811596,1789948452.840468,ok,28.833,
escribe-limon,58,2026-09-20T23:54:12.862+00:00,1789948452.862864,1789948452.887090,ok,24.181,
escribe-cruza,58,2026-09-20T23:54:12.927+00:00,1789948452.927243,1789948452.952523,ok,25.242,
lee-moneda,115,2026-09-20T23:54:12.997+00:00,1789948452.997105,1789948452.997919,ok,0.780,
escribe-sj,75,2026-09-20T23:54:12.994+00:00,1789948452.994141,1789948453.017091,ok,22.912,
lee-limon,70,2026-09-20T23:54:13.017+00:00,1789948453.017954,1789948453.019622,ok,1.631,
lee-sj,83,2026-09-20T23:54:13.011+00:00,1789948453.011667,1789948453.025572,ok,13.876,
escribe-limon,59,2026-09-20T23:54:13.062+00:00,1789948453.062924,1789948453.087261,ok,24.295,
escribe-cruza,59,2026-09-20T23:54:13.127+00:00,1789948453.127313,1789948453.150718,ok,23.371,
lee-moneda,116,2026-09-20T23:54:13.197+00:00,1789948453.197173,1789948453.198216,ok,1.009,
escribe-sj,76,2026-09-20T23:54:13.194+00:00,1789948453.194211,1789948453.217690,ok,23.320,
lee-limon,71,2026-09-20T23:54:13.218+00:00,1789948453.218021,1789948453.219550,ok,1.502,
lee-sj,84,2026-09-20T23:54:13.211+00:00,1789948453.211748,1789948453.225862,ok,14.081,
escribe-limon,60,2026-09-20T23:54:13.262+00:00,1789948453.262994,1789948453.286970,ok,23.936,
escribe-cruza,60,2026-09-20T23:54:13.327+00:00,1789948453.327383,1789948453.350574,ok,23.151,
lee-moneda,117,2026-09-20T23:54:13.397+00:00,1789948453.397237,1789948453.398222,ok,0.884,
escribe-sj,77,2026-09-20T23:54:13.394+00:00,1789948453.394280,1789948453.415318,ok,21.000,
lee-limon,72,2026-09-20T23:54:13.418+00:00,1789948453.418077,1789948453.419759,ok,1.634,
lee-sj,85,2026-09-20T23:54:13.411+00:00,1789948453.411818,1789948453.423111,ok,11.262,
escribe-limon,61,2026-09-20T23:54:13.463+00:00,1789948453.463077,1789948453.486637,ok,23.525,
escribe-cruza,61,2026-09-20T23:54:13.527+00:00,1789948453.527484,1789948453.553774,ok,26.241,
lee-moneda,118,2026-09-20T23:54:13.597+00:00,1789948453.597305,1789948453.598340,ok,0.969,
escribe-sj,78,2026-09-20T23:54:13.594+00:00,1789948453.594353,1789948453.617422,ok,23.025,
lee-limon,73,2026-09-20T23:54:13.618+00:00,1789948453.618147,1789948453.619557,ok,1.377,
lee-sj,86,2026-09-20T23:54:13.611+00:00,1789948453.611878,1789948453.626077,ok,14.168,
escribe-limon,62,2026-09-20T23:54:13.663+00:00,1789948453.663104,1789948453.688340,ok,25.197,
escribe-cruza,62,2026-09-20T23:54:13.727+00:00,1789948453.727553,1789948453.751532,ok,23.941,
lee-moneda,119,2026-09-20T23:54:13.797+00:00,1789948453.797432,1789948453.798675,ok,1.204,
escribe-sj,79,2026-09-20T23:54:13.794+00:00,1789948453.794423,1789948453.816840,ok,22.376,
lee-limon,74,2026-09-20T23:54:13.818+00:00,1789948453.818177,1789948453.819599,ok,1.386,
lee-sj,87,2026-09-20T23:54:13.811+00:00,1789948453.811951,1789948453.824639,ok,12.658,
escribe-limon,63,2026-09-20T23:54:13.863+00:00,1789948453.863191,1789948453.887042,ok,23.809,
escribe-cruza,63,2026-09-20T23:54:13.927+00:00,1789948453.927625,1789948453.951608,ok,23.946,
lee-moneda,120,2026-09-20T23:54:13.997+00:00,1789948453.997499,1789948453.998641,ok,1.052,
escribe-sj,80,2026-09-20T23:54:13.994+00:00,1789948453.994504,1789948454.018518,ok,23.980,
lee-limon,75,2026-09-20T23:54:14.018+00:00,1789948454.018249,1789948454.019780,ok,1.501,
lee-sj,88,2026-09-20T23:54:14.012+00:00,1789948454.012021,1789948454.027060,ok,15.007,
escribe-limon,64,2026-09-20T23:54:14.063+00:00,1789948454.063253,1789948454.086871,ok,23.490,
escribe-cruza,64,2026-09-20T23:54:14.127+00:00,1789948454.127750,1789948454.152712,ok,24.927,
lee-moneda,121,2026-09-20T23:54:14.197+00:00,1789948454.197568,1789948454.198432,ok,0.829,
escribe-sj,81,2026-09-20T23:54:14.194+00:00,1789948454.194593,1789948454.217269,ok,22.639,
lee-limon,76,2026-09-20T23:54:14.218+00:00,1789948454.218317,1789948454.219613,ok,1.269,
lee-sj,89,2026-09-20T23:54:14.212+00:00,1789948454.212093,1789948454.225729,ok,13.608,
escribe-limon,65,2026-09-20T23:54:14.263+00:00,1789948454.263326,1789948454.283766,ok,20.401,
escribe-cruza,65,2026-09-20T23:54:14.327+00:00,1789948454.327830,1789948454.351433,ok,23.565,
lee-moneda,122,2026-09-20T23:54:14.397+00:00,1789948454.397636,1789948454.398591,ok,0.917,
escribe-sj,82,2026-09-20T23:54:14.394+00:00,1789948454.394704,1789948454.417489,ok,22.750,
lee-limon,77,2026-09-20T23:54:14.418+00:00,1789948454.418384,1789948454.419920,ok,1.503,
lee-sj,90,2026-09-20T23:54:14.412+00:00,1789948454.412197,1789948454.426211,ok,13.985,
escribe-limon,66,2026-09-20T23:54:14.463+00:00,1789948454.463396,1789948454.489119,ok,25.689,
escribe-cruza,66,2026-09-20T23:54:14.527+00:00,1789948454.527956,1789948454.551304,ok,23.305,
lee-moneda,123,2026-09-20T23:54:14.597+00:00,1789948454.597719,1789948454.598533,ok,0.782,
escribe-sj,83,2026-09-20T23:54:14.594+00:00,1789948454.594778,1789948454.618094,ok,23.273,
lee-limon,78,2026-09-20T23:54:14.618+00:00,1789948454.618426,1789948454.620020,ok,1.564,
lee-sj,91,2026-09-20T23:54:14.612+00:00,1789948454.612266,1789948454.626312,ok,14.016,
escribe-limon,67,2026-09-20T23:54:14.663+00:00,1789948454.663464,1789948454.688741,ok,25.230,
escribe-cruza,67,2026-09-20T23:54:14.728+00:00,1789948454.728027,1789948454.748105,ok,20.011,
lee-moneda,124,2026-09-20T23:54:14.797+00:00,1789948454.797795,1789948454.798836,ok,1.003,
escribe-sj,84,2026-09-20T23:54:14.794+00:00,1789948454.794847,1789948454.817516,ok,22.629,
lee-limon,79,2026-09-20T23:54:14.818+00:00,1789948454.818492,1789948454.819970,ok,1.442,
lee-sj,92,2026-09-20T23:54:14.812+00:00,1789948454.812336,1789948454.825619,ok,13.254,
escribe-limon,68,2026-09-20T23:54:14.863+00:00,1789948454.863565,1789948454.887415,ok,23.811,
escribe-cruza,68,2026-09-20T23:54:14.928+00:00,1789948454.928097,1789948454.948290,ok,20.153,
lee-moneda,125,2026-09-20T23:54:14.997+00:00,1789948454.997862,1789948454.998936,ok,1.029,
escribe-sj,85,2026-09-20T23:54:14.994+00:00,1789948454.994917,1789948455.017875,ok,22.916,
lee-limon,80,2026-09-20T23:54:15.018+00:00,1789948455.018556,1789948455.020274,ok,1.690,
lee-sj,93,2026-09-20T23:54:15.012+00:00,1789948455.012405,1789948455.025646,ok,13.212,
escribe-limon,69,2026-09-20T23:54:15.063+00:00,1789948455.063646,1789948455.087265,ok,23.582,
escribe-cruza,69,2026-09-20T23:54:15.128+00:00,1789948455.128217,1789948455.147949,ok,19.692,
lee-moneda,126,2026-09-20T23:54:15.197+00:00,1789948455.197930,1789948455.198941,ok,0.977,
escribe-sj,86,2026-09-20T23:54:15.194+00:00,1789948455.194984,1789948455.218190,ok,23.152,
lee-limon,81,2026-09-20T23:54:15.218+00:00,1789948455.218625,1789948455.220232,ok,1.578,
lee-sj,94,2026-09-20T23:54:15.212+00:00,1789948455.212489,1789948455.227019,ok,14.496,
escribe-limon,70,2026-09-20T23:54:15.263+00:00,1789948455.263717,1789948455.288100,ok,24.346,
escribe-cruza,70,2026-09-20T23:54:15.328+00:00,1789948455.328286,1789948455.354116,ok,25.793,
lee-moneda,127,2026-09-20T23:54:15.398+00:00,1789948455.398001,1789948455.398847,ok,0.811,
escribe-sj,87,2026-09-20T23:54:15.395+00:00,1789948455.395084,1789948455.418312,ok,23.186,
lee-limon,82,2026-09-20T23:54:15.418+00:00,1789948455.418695,1789948455.420275,ok,1.547,
lee-sj,95,2026-09-20T23:54:15.412+00:00,1789948455.412558,1789948455.426810,ok,14.224,
escribe-limon,71,2026-09-20T23:54:15.463+00:00,1789948455.463804,1789948455.488066,ok,24.222,
escribe-cruza,71,2026-09-20T23:54:15.528+00:00,1789948455.528356,1789948455.551823,ok,23.426,
lee-moneda,128,2026-09-20T23:54:15.598+00:00,1789948455.598068,1789948455.599613,ok,1.514,
escribe-sj,88,2026-09-20T23:54:15.595+00:00,1789948455.595186,1789948455.618676,ok,23.405,
lee-limon,83,2026-09-20T23:54:15.618+00:00,1789948455.618762,1789948455.620269,ok,1.479,
lee-sj,96,2026-09-20T23:54:15.612+00:00,1789948455.612657,1789948455.626690,ok,14.001,
escribe-limon,72,2026-09-20T23:54:15.663+00:00,1789948455.663887,1789948455.687881,ok,23.958,
escribe-cruza,72,2026-09-20T23:54:15.728+00:00,1789948455.728425,1789948455.756029,ok,27.567,
lee-moneda,129,2026-09-20T23:54:15.798+00:00,1789948455.798140,1789948455.799530,ok,1.356,
escribe-sj,89,2026-09-20T23:54:15.795+00:00,1789948455.795258,1789948455.818351,ok,23.042,
lee-limon,84,2026-09-20T23:54:15.818+00:00,1789948455.818829,1789948455.820288,ok,1.430,
lee-sj,97,2026-09-20T23:54:15.812+00:00,1789948455.812727,1789948455.826758,ok,14.001,
escribe-limon,73,2026-09-20T23:54:15.863+00:00,1789948455.863995,1789948455.888228,ok,24.154,
escribe-cruza,73,2026-09-20T23:54:15.928+00:00,1789948455.928526,1789948455.952774,ok,24.208,
lee-moneda,130,2026-09-20T23:54:15.998+00:00,1789948455.998181,1789948455.998980,ok,0.763,
escribe-sj,90,2026-09-20T23:54:15.995+00:00,1789948455.995328,1789948456.016275,ok,20.845,
lee-limon,85,2026-09-20T23:54:16.018+00:00,1789948456.018895,1789948456.020338,ok,1.409,
lee-sj,98,2026-09-20T23:54:16.012+00:00,1789948456.012835,1789948456.023992,ok,11.128,
escribe-limon,74,2026-09-20T23:54:16.064+00:00,1789948456.064080,1789948456.088866,ok,24.747,
escribe-cruza,74,2026-09-20T23:54:16.128+00:00,1789948456.128594,1789948456.147419,ok,18.787,
lee-moneda,131,2026-09-20T23:54:16.198+00:00,1789948456.198247,1789948456.199127,ok,0.844,
escribe-sj,91,2026-09-20T23:54:16.195+00:00,1789948456.195396,1789948456.213202,ok,17.778,
lee-limon,86,2026-09-20T23:54:16.218+00:00,1789948456.218982,1789948456.220734,ok,1.680,
lee-sj,99,2026-09-20T23:54:16.212+00:00,1789948456.212912,1789948456.221025,ok,8.085,
escribe-limon,75,2026-09-20T23:54:16.264+00:00,1789948456.264187,1789948456.287643,ok,23.422,
escribe-cruza,75,2026-09-20T23:54:16.328+00:00,1789948456.328704,1789948456.350303,ok,21.565,
lee-moneda,132,2026-09-20T23:54:16.398+00:00,1789948456.398315,1789948456.399245,ok,0.893,
escribe-sj,92,2026-09-20T23:54:16.395+00:00,1789948456.395517,1789948456.419101,ok,23.522,
lee-limon,87,2026-09-20T23:54:16.419+00:00,1789948456.419150,1789948456.421184,ok,1.963,
lee-sj,100,2026-09-20T23:54:16.413+00:00,1789948456.413003,1789948456.427873,ok,14.838,
escribe-limon,76,2026-09-20T23:54:16.464+00:00,1789948456.464252,1789948456.490090,ok,25.805,
escribe-cruza,76,2026-09-20T23:54:16.528+00:00,1789948456.528823,1789948456.553144,ok,24.288,
lee-moneda,133,2026-09-20T23:54:16.598+00:00,1789948456.598383,1789948456.599741,ok,1.292,
lee-limon,88,2026-09-20T23:54:16.619+00:00,1789948456.619174,1789948456.620714,ok,1.510,
escribe-sj,93,2026-09-20T23:54:16.595+00:00,1789948456.595592,1789948456.622580,ok,26.937,
lee-sj,101,2026-09-20T23:54:16.613+00:00,1789948456.613042,1789948456.630632,ok,17.560,
escribe-limon,77,2026-09-20T23:54:16.664+00:00,1789948456.664323,1789948456.687936,ok,23.577,
escribe-cruza,77,2026-09-20T23:54:16.728+00:00,1789948456.728930,1789948456.762283,ok,33.314,
lee-moneda,134,2026-09-20T23:54:16.798+00:00,1789948456.798473,1789948456.799358,ok,0.850,
escribe-sj,94,2026-09-20T23:54:16.795+00:00,1789948456.795663,1789948456.818570,ok,22.868,
lee-limon,89,2026-09-20T23:54:16.819+00:00,1789948456.819238,1789948456.820940,ok,1.671,
lee-sj,102,2026-09-20T23:54:16.813+00:00,1789948456.813116,1789948456.826894,ok,13.750,
escribe-limon,78,2026-09-20T23:54:16.864+00:00,1789948456.864393,1789948456.888455,ok,24.022,
escribe-cruza,78,2026-09-20T23:54:16.929+00:00,1789948456.929036,1789948456.952229,ok,23.151,
lee-moneda,135,2026-09-20T23:54:16.998+00:00,1789948456.998685,1789948457.000558,ok,1.834,
lee-limon,90,2026-09-20T23:54:17.019+00:00,1789948457.019313,1789948457.020825,ok,1.481,
escribe-sj,95,2026-09-20T23:54:16.995+00:00,1789948456.995736,1789948457.022171,ok,26.369,
lee-sj,103,2026-09-20T23:54:17.013+00:00,1789948457.013178,1789948457.032979,ok,19.759,
escribe-limon,79,2026-09-20T23:54:17.064+00:00,1789948457.064467,1789948457.098311,ok,33.809,
escribe-cruza,79,2026-09-20T23:54:17.129+00:00,1789948457.129147,1789948457.153880,ok,24.692,
lee-moneda,136,2026-09-20T23:54:17.198+00:00,1789948457.198768,1789948457.199967,ok,1.129,
escribe-sj,96,2026-09-20T23:54:17.195+00:00,1789948457.195856,1789948457.209499,ok,13.571,
lee-sj,104,2026-09-20T23:54:17.213+00:00,1789948457.213259,1789948457.217126,ok,3.836,
lee-limon,91,2026-09-20T23:54:17.219+00:00,1789948457.219386,1789948457.220827,ok,1.415,
escribe-limon,80,2026-09-20T23:54:17.264+00:00,1789948457.264575,1789948457.280620,ok,16.004,
escribe-cruza,80,2026-09-20T23:54:17.329+00:00,1789948457.329175,1789948457.352319,ok,23.104,
lee-moneda,137,2026-09-20T23:54:17.398+00:00,1789948457.398968,1789948457.399984,ok,0.984,
escribe-sj,97,2026-09-20T23:54:17.395+00:00,1789948457.395955,1789948457.419870,ok,23.876,
lee-limon,92,2026-09-20T23:54:17.419+00:00,1789948457.419459,1789948457.421182,ok,1.682,
lee-sj,105,2026-09-20T23:54:17.413+00:00,1789948457.413328,1789948457.428975,ok,15.615,
escribe-limon,81,2026-09-20T23:54:17.464+00:00,1789948457.464674,1789948457.486514,ok,21.801,
escribe-cruza,81,2026-09-20T23:54:17.529+00:00,1789948457.529224,1789948457.552598,ok,23.329,
lee-moneda,138,2026-09-20T23:54:17.599+00:00,1789948457.599039,1789948457.599979,ok,0.904,
escribe-sj,98,2026-09-20T23:54:17.596+00:00,1789948457.596025,1789948457.619293,ok,23.229,
lee-limon,93,2026-09-20T23:54:17.619+00:00,1789948457.619553,1789948457.621088,ok,1.487,
lee-sj,106,2026-09-20T23:54:17.613+00:00,1789948457.613429,1789948457.627993,ok,14.535,
escribe-limon,82,2026-09-20T23:54:17.664+00:00,1789948457.664781,1789948457.686895,ok,22.076,
escribe-cruza,82,2026-09-20T23:54:17.729+00:00,1789948457.729295,1789948457.746693,ok,17.363,
lee-moneda,139,2026-09-20T23:54:17.799+00:00,1789948457.799106,1789948457.800179,ok,1.021,
lee-limon,94,2026-09-20T23:54:17.819+00:00,1789948457.819625,1789948457.821489,ok,1.827,
escribe-sj,99,2026-09-20T23:54:17.796+00:00,1789948457.796146,1789948457.827729,ok,31.531,
lee-sj,107,2026-09-20T23:54:17.813+00:00,1789948457.813541,1789948457.836533,ok,22.961,
escribe-limon,83,2026-09-20T23:54:17.864+00:00,1789948457.864851,1789948457.889102,ok,24.185,
escribe-cruza,83,2026-09-20T23:54:17.929+00:00,1789948457.929365,1789948457.953586,ok,24.182,
lee-moneda,140,2026-09-20T23:54:17.999+00:00,1789948457.999183,1789948457.999963,ok,0.749,
escribe-sj,100,2026-09-20T23:54:17.996+00:00,1789948457.996226,1789948458.020263,ok,23.970,
lee-limon,95,2026-09-20T23:54:18.019+00:00,1789948458.019697,1789948458.022118,ok,2.388,
lee-sj,108,2026-09-20T23:54:18.013+00:00,1789948458.013651,1789948458.028652,ok,14.974,
escribe-limon,84,2026-09-20T23:54:18.064+00:00,1789948458.064924,1789948458.088737,ok,23.759,
escribe-cruza,84,2026-09-20T23:54:18.129+00:00,1789948458.129451,1789948458.153868,ok,24.377,
lee-moneda,141,2026-09-20T23:54:18.199+00:00,1789948458.199252,1789948458.200279,ok,0.965,
escribe-sj,101,2026-09-20T23:54:18.196+00:00,1789948458.196295,1789948458.210454,ok,14.119,
lee-sj,109,2026-09-20T23:54:18.213+00:00,1789948458.213717,1789948458.218407,ok,4.660,
lee-limon,96,2026-09-20T23:54:18.219+00:00,1789948458.219761,1789948458.221170,ok,1.369,
escribe-limon,85,2026-09-20T23:54:18.264+00:00,1789948458.264993,1789948458.289053,ok,24.019,
escribe-cruza,85,2026-09-20T23:54:18.329+00:00,1789948458.329554,1789948458.355062,ok,25.465,
lee-moneda,142,2026-09-20T23:54:18.399+00:00,1789948458.399315,1789948458.400361,ok,0.984,
escribe-sj,102,2026-09-20T23:54:18.396+00:00,1789948458.396364,1789948458.419011,ok,22.609,
lee-limon,97,2026-09-20T23:54:18.419+00:00,1789948458.419829,1789948458.421469,ok,1.560,
lee-sj,110,2026-09-20T23:54:18.413+00:00,1789948458.413800,1789948458.427334,ok,13.508,
escribe-limon,86,2026-09-20T23:54:18.465+00:00,1789948458.465066,1789948458.489826,ok,24.725,
escribe-cruza,86,2026-09-20T23:54:18.529+00:00,1789948458.529625,1789948458.552865,ok,23.207,
lee-moneda,143,2026-09-20T23:54:18.599+00:00,1789948458.599397,1789948458.600649,ok,1.184,
escribe-sj,103,2026-09-20T23:54:18.596+00:00,1789948458.596466,1789948458.621031,ok,24.524,
lee-limon,98,2026-09-20T23:54:18.619+00:00,1789948458.619898,1789948458.621601,ok,1.670,
lee-sj,111,2026-09-20T23:54:18.613+00:00,1789948458.613869,1789948458.629206,ok,15.308,
escribe-limon,87,2026-09-20T23:54:18.665+00:00,1789948458.665253,1789948458.687123,ok,21.776,
escribe-cruza,87,2026-09-20T23:54:18.729+00:00,1789948458.729696,1789948458.753868,ok,24.101,
lee-moneda,144,2026-09-20T23:54:18.799+00:00,1789948458.799470,1789948458.800383,ok,0.877,
lee-limon,99,2026-09-20T23:54:18.820+00:00,1789948458.820007,1789948458.821609,ok,1.564,
escribe-sj,104,2026-09-20T23:54:18.796+00:00,1789948458.796578,1789948458.821888,ok,25.254,
lee-sj,112,2026-09-20T23:54:18.813+00:00,1789948458.813941,1789948458.830145,ok,16.150,
escribe-limon,88,2026-09-20T23:54:18.865+00:00,1789948458.865360,1789948458.889645,ok,24.160,
escribe-cruza,88,2026-09-20T23:54:18.929+00:00,1789948458.929834,1789948458.951152,ok,21.280,
lee-moneda,145,2026-09-20T23:54:18.999+00:00,1789948458.999511,1789948459.000381,ok,0.840,
escribe-sj,105,2026-09-20T23:54:18.996+00:00,1789948458.996660,1789948459.020062,ok,23.362,
lee-limon,100,2026-09-20T23:54:19.020+00:00,1789948459.020138,1789948459.021667,ok,1.500,
lee-sj,113,2026-09-20T23:54:19.014+00:00,1789948459.014011,1789948459.028462,ok,14.424,
escribe-limon,89,2026-09-20T23:54:19.065+00:00,1789948459.065429,1789948459.089475,ok,24.008,
escribe-cruza,89,2026-09-20T23:54:19.129+00:00,1789948459.129905,1789948459.153543,ok,23.596,
lee-moneda,146,2026-09-20T23:54:19.199+00:00,1789948459.199579,1789948459.200548,ok,0.936,
lee-limon,101,2026-09-20T23:54:19.220+00:00,1789948459.220173,1789948459.221810,ok,1.597,
escribe-sj,106,2026-09-20T23:54:19.196+00:00,1789948459.196766,1789948459.222336,ok,25.535,
lee-sj,114,2026-09-20T23:54:19.214+00:00,1789948459.214079,1789948459.228909,ok,14.802,
escribe-limon,90,2026-09-20T23:54:19.265+00:00,1789948459.265499,1789948459.293048,ok,27.506,
escribe-cruza,90,2026-09-20T23:54:19.329+00:00,1789948459.329976,1789948459.355882,ok,25.868,
lee-moneda,147,2026-09-20T23:54:19.399+00:00,1789948459.399650,1789948459.400967,ok,1.281,
escribe-sj,107,2026-09-20T23:54:19.396+00:00,1789948459.396873,1789948459.414394,ok,17.488,
lee-limon,102,2026-09-20T23:54:19.420+00:00,1789948459.420240,1789948459.421742,ok,1.469,
lee-sj,115,2026-09-20T23:54:19.414+00:00,1789948459.414154,1789948459.421851,ok,7.679,
escribe-limon,91,2026-09-20T23:54:19.465+00:00,1789948459.465569,1789948459.490177,ok,24.563,
escribe-cruza,91,2026-09-20T23:54:19.530+00:00,1789948459.530046,1789948459.553001,ok,22.911,
lee-moneda,148,2026-09-20T23:54:19.599+00:00,1789948459.599720,1789948459.600680,ok,0.922,
escribe-sj,108,2026-09-20T23:54:19.596+00:00,1789948459.596943,1789948459.620450,ok,23.383,
lee-limon,103,2026-09-20T23:54:19.620+00:00,1789948459.620495,1789948459.622205,ok,1.677,
lee-sj,116,2026-09-20T23:54:19.614+00:00,1789948459.614183,1789948459.628614,ok,14.404,
escribe-limon,92,2026-09-20T23:54:19.665+00:00,1789948459.665681,1789948459.689435,ok,23.717,
escribe-cruza,92,2026-09-20T23:54:19.730+00:00,1789948459.730115,1789948459.753557,ok,23.403,
lee-moneda,149,2026-09-20T23:54:19.799+00:00,1789948459.799791,1789948459.800994,ok,1.170,
escribe-sj,109,2026-09-20T23:54:19.797+00:00,1789948459.797051,1789948459.819964,ok,22.873,
lee-limon,104,2026-09-20T23:54:19.820+00:00,1789948459.820562,1789948459.822294,ok,1.683,
lee-sj,117,2026-09-20T23:54:19.814+00:00,1789948459.814265,1789948459.828269,ok,13.977,
escribe-limon,93,2026-09-20T23:54:19.865+00:00,1789948459.865769,1789948459.893403,ok,27.596,
escribe-cruza,93,2026-09-20T23:54:19.930+00:00,1789948459.930198,1789948459.954278,ok,24.041,
lee-moneda,150,2026-09-20T23:54:19.999+00:00,1789948459.999858,1789948460.000947,ok,1.024,
escribe-sj,110,2026-09-20T23:54:19.997+00:00,1789948459.997180,1789948460.019760,ok,22.550,
lee-limon,105,2026-09-20T23:54:20.020+00:00,1789948460.020629,1789948460.022024,ok,1.362,
lee-sj,118,2026-09-20T23:54:20.014+00:00,1789948460.014321,1789948460.027977,ok,13.625,
escribe-limon,94,2026-09-20T23:54:20.065+00:00,1789948460.065838,1789948460.089470,ok,23.593,
escribe-cruza,94,2026-09-20T23:54:20.130+00:00,1789948460.130267,1789948460.155482,ok,25.176,
lee-moneda,151,2026-09-20T23:54:20.199+00:00,1789948460.199978,1789948460.201318,ok,1.270,
escribe-sj,111,2026-09-20T23:54:20.197+00:00,1789948460.197222,1789948460.212657,ok,15.396,
lee-sj,119,2026-09-20T23:54:20.214+00:00,1789948460.214401,1789948460.220396,ok,5.962,
lee-limon,106,2026-09-20T23:54:20.220+00:00,1789948460.220694,1789948460.222135,ok,1.412,
escribe-limon,95,2026-09-20T23:54:20.265+00:00,1789948460.265909,1789948460.291751,ok,25.802,
escribe-cruza,95,2026-09-20T23:54:20.330+00:00,1789948460.330349,1789948460.353217,ok,22.837,
lee-moneda,152,2026-09-20T23:54:20.400+00:00,1789948460.400092,1789948460.401366,ok,1.204,
escribe-sj,112,2026-09-20T23:54:20.397+00:00,1789948460.397292,1789948460.421201,ok,23.862,
lee-limon,107,2026-09-20T23:54:20.420+00:00,1789948460.420783,1789948460.422392,ok,1.575,
lee-sj,120,2026-09-20T23:54:20.414+00:00,1789948460.414471,1789948460.429448,ok,14.945,
escribe-limon,96,2026-09-20T23:54:20.465+00:00,1789948460.465979,1789948460.489239,ok,23.165,
escribe-cruza,96,2026-09-20T23:54:20.530+00:00,1789948460.530449,1789948460.554130,ok,23.645,
lee-moneda,153,2026-09-20T23:54:20.600+00:00,1789948460.600187,1789948460.601134,ok,0.909,
escribe-sj,113,2026-09-20T23:54:20.597+00:00,1789948460.597361,1789948460.620471,ok,23.040,
lee-limon,108,2026-09-20T23:54:20.620+00:00,1789948460.620859,1789948460.622345,ok,1.459,
lee-sj,121,2026-09-20T23:54:20.614+00:00,1789948460.614541,1789948460.628622,ok,14.054,
escribe-limon,97,2026-09-20T23:54:20.666+00:00,1789948460.666058,1789948460.680865,ok,14.767,
escribe-cruza,97,2026-09-20T23:54:20.730+00:00,1789948460.730548,1789948460.753589,ok,22.993,
lee-moneda,154,2026-09-20T23:54:20.800+00:00,1789948460.800271,1789948460.801155,ok,0.847,
escribe-sj,114,2026-09-20T23:54:20.797+00:00,1789948460.797429,1789948460.820687,ok,23.222,
lee-limon,109,2026-09-20T23:54:20.820+00:00,1789948460.820923,1789948460.822528,ok,1.576,
lee-sj,122,2026-09-20T23:54:20.814+00:00,1789948460.814652,1789948460.828335,ok,13.649,
escribe-limon,98,2026-09-20T23:54:20.866+00:00,1789948460.866174,1789948460.892477,ok,26.265,
escribe-cruza,98,2026-09-20T23:54:20.930+00:00,1789948460.930670,1789948460.955021,ok,24.263,
lee-moneda,155,2026-09-20T23:54:21.000+00:00,1789948461.000338,1789948461.001153,ok,0.781,
escribe-sj,115,2026-09-20T23:54:20.997+00:00,1789948460.997529,1789948461.020820,ok,23.251,
lee-limon,110,2026-09-20T23:54:21.020+00:00,1789948461.020987,1789948461.022822,ok,1.808,
lee-sj,123,2026-09-20T23:54:21.014+00:00,1789948461.014721,1789948461.029206,ok,14.452,
escribe-limon,99,2026-09-20T23:54:21.066+00:00,1789948461.066242,1789948461.090420,ok,24.139,
escribe-cruza,99,2026-09-20T23:54:21.130+00:00,1789948461.130753,1789948461.153931,ok,23.130,
lee-moneda,156,2026-09-20T23:54:21.200+00:00,1789948461.200406,1789948461.201514,ok,1.039,
escribe-sj,116,2026-09-20T23:54:21.197+00:00,1789948461.197599,1789948461.220336,ok,22.663,
lee-limon,111,2026-09-20T23:54:21.221+00:00,1789948461.221065,1789948461.222684,ok,1.592,
lee-sj,124,2026-09-20T23:54:21.214+00:00,1789948461.214789,1789948461.228563,ok,13.741,
escribe-limon,100,2026-09-20T23:54:21.266+00:00,1789948461.266327,1789948461.289579,ok,23.215,
escribe-cruza,100,2026-09-20T23:54:21.330+00:00,1789948461.330836,1789948461.347869,ok,16.996,
lee-moneda,157,2026-09-20T23:54:21.400+00:00,1789948461.400489,1789948461.401362,ok,0.843,
escribe-sj,117,2026-09-20T23:54:21.397+00:00,1789948461.397679,1789948461.421109,ok,23.396,
lee-limon,112,2026-09-20T23:54:21.421+00:00,1789948461.421184,1789948461.423125,ok,1.908,
lee-sj,125,2026-09-20T23:54:21.414+00:00,1789948461.414859,1789948461.429643,ok,14.752,
escribe-limon,101,2026-09-20T23:54:21.466+00:00,1789948461.466396,1789948461.492836,ok,26.401,
escribe-cruza,101,2026-09-20T23:54:21.530+00:00,1789948461.530905,1789948461.553897,ok,22.954,
lee-moneda,158,2026-09-20T23:54:21.600+00:00,1789948461.600557,1789948461.601505,ok,0.914,
escribe-sj,118,2026-09-20T23:54:21.597+00:00,1789948461.597789,1789948461.618679,ok,20.852,
lee-limon,113,2026-09-20T23:54:21.621+00:00,1789948461.621253,1789948461.622842,ok,1.545,
lee-sj,126,2026-09-20T23:54:21.614+00:00,1789948461.614932,1789948461.626571,ok,11.609,
escribe-limon,102,2026-09-20T23:54:21.666+00:00,1789948461.666510,1789948461.690295,ok,23.717,
escribe-cruza,102,2026-09-20T23:54:21.731+00:00,1789948461.731024,1789948461.754725,ok,23.663,
lee-moneda,159,2026-09-20T23:54:21.800+00:00,1789948461.800621,1789948461.801668,ok,1.010,
escribe-sj,119,2026-09-20T23:54:21.797+00:00,1789948461.797859,1789948461.820635,ok,22.737,
lee-limon,114,2026-09-20T23:54:21.821+00:00,1789948461.821328,1789948461.822792,ok,1.434,
lee-sj,127,2026-09-20T23:54:21.815+00:00,1789948461.815004,1789948461.829076,ok,14.039,
escribe-limon,103,2026-09-20T23:54:21.866+00:00,1789948461.866593,1789948461.891469,ok,24.840,
escribe-cruza,103,2026-09-20T23:54:21.931+00:00,1789948461.931095,1789948461.954949,ok,23.801,
lee-moneda,160,2026-09-20T23:54:22.000+00:00,1789948462.000827,1789948462.001922,ok,1.051,
escribe-sj,120,2026-09-20T23:54:21.997+00:00,1789948461.997942,1789948462.021968,ok,23.990,
lee-limon,115,2026-09-20T23:54:22.021+00:00,1789948462.021399,1789948462.023037,ok,1.608,
lee-sj,128,2026-09-20T23:54:22.015+00:00,1789948462.015091,1789948462.030036,ok,14.913,
escribe-limon,104,2026-09-20T23:54:22.066+00:00,1789948462.066663,1789948462.090259,ok,23.557,
escribe-cruza,104,2026-09-20T23:54:22.131+00:00,1789948462.131171,1789948462.155599,ok,24.389,
lee-moneda,161,2026-09-20T23:54:22.200+00:00,1789948462.200910,1789948462.202203,ok,1.224,
escribe-sj,121,2026-09-20T23:54:22.198+00:00,1789948462.198012,1789948462.219992,ok,21.892,
lee-limon,116,2026-09-20T23:54:22.221+00:00,1789948462.221465,1789948462.223247,ok,1.754,
lee-sj,129,2026-09-20T23:54:22.215+00:00,1789948462.215167,1789948462.228276,ok,13.080,
escribe-limon,105,2026-09-20T23:54:22.266+00:00,1789948462.266783,1789948462.292186,ok,25.351,
escribe-cruza,105,2026-09-20T23:54:22.331+00:00,1789948462.331227,1789948462.354242,ok,22.972,
lee-moneda,162,2026-09-20T23:54:22.400+00:00,1789948462.400975,1789948462.401881,ok,0.869,
escribe-sj,122,2026-09-20T23:54:22.398+00:00,1789948462.398096,1789948462.420926,ok,22.770,
lee-limon,117,2026-09-20T23:54:22.421+00:00,1789948462.421538,1789948462.422886,ok,1.319,
lee-sj,130,2026-09-20T23:54:22.415+00:00,1789948462.415251,1789948462.429462,ok,14.168,
escribe-limon,106,2026-09-20T23:54:22.466+00:00,1789948462.466852,1789948462.491314,ok,24.421,
escribe-cruza,106,2026-09-20T23:54:22.531+00:00,1789948462.531297,1789948462.555061,ok,23.721,
lee-moneda,163,2026-09-20T23:54:22.601+00:00,1789948462.601126,1789948462.602512,ok,1.348,
escribe-sj,123,2026-09-20T23:54:22.598+00:00,1789948462.598172,1789948462.613665,ok,15.449,
lee-limon,118,2026-09-20T23:54:22.621+00:00,1789948462.621642,1789948462.623055,ok,1.377,
lee-sj,131,2026-09-20T23:54:22.615+00:00,1789948462.615329,1789948462.623837,ok,8.481,
escribe-limon,107,2026-09-20T23:54:22.666+00:00,1789948462.666921,1789948462.691394,ok,24.434,
escribe-cruza,107,2026-09-20T23:54:22.731+00:00,1789948462.731367,1789948462.754580,ok,23.179,
lee-moneda,164,2026-09-20T23:54:22.801+00:00,1789948462.801186,1789948462.802429,ok,1.212,
escribe-sj,124,2026-09-20T23:54:22.798+00:00,1789948462.798227,1789948462.817556,ok,19.287,
lee-limon,119,2026-09-20T23:54:22.821+00:00,1789948462.821747,1789948462.823419,ok,1.642,
lee-sj,132,2026-09-20T23:54:22.815+00:00,1789948462.815413,1789948462.825532,ok,10.092,
escribe-limon,108,2026-09-20T23:54:22.867+00:00,1789948462.867028,1789948462.891319,ok,24.253,
escribe-cruza,108,2026-09-20T23:54:22.931+00:00,1789948462.931468,1789948462.965093,ok,33.594,
lee-moneda,165,2026-09-20T23:54:23.001+00:00,1789948463.001254,1789948463.002138,ok,0.847,
escribe-sj,125,2026-09-20T23:54:22.998+00:00,1789948462.998296,1789948463.016604,ok,18.266,
lee-limon,120,2026-09-20T23:54:23.021+00:00,1789948463.021866,1789948463.023391,ok,1.496,
lee-sj,133,2026-09-20T23:54:23.015+00:00,1789948463.015515,1789948463.024555,ok,9.009,
escribe-limon,109,2026-09-20T23:54:23.067+00:00,1789948463.067134,1789948463.092280,ok,25.108,
escribe-cruza,109,2026-09-20T23:54:23.131+00:00,1789948463.131591,1789948463.155049,ok,23.421,
lee-moneda,166,2026-09-20T23:54:23.201+00:00,1789948463.201320,1789948463.202207,ok,0.851,
escribe-sj,126,2026-09-20T23:54:23.198+00:00,1789948463.198376,1789948463.219300,ok,20.857,
lee-limon,121,2026-09-20T23:54:23.221+00:00,1789948463.221932,1789948463.223380,ok,1.418,
lee-sj,134,2026-09-20T23:54:23.215+00:00,1789948463.215586,1789948463.226882,ok,11.249,
escribe-limon,110,2026-09-20T23:54:23.267+00:00,1789948463.267174,1789948463.292165,ok,24.945,
escribe-cruza,110,2026-09-20T23:54:23.331+00:00,1789948463.331710,1789948463.359425,ok,27.660,
lee-moneda,167,2026-09-20T23:54:23.401+00:00,1789948463.401386,1789948463.402948,ok,1.530,
escribe-sj,127,2026-09-20T23:54:23.398+00:00,1789948463.398461,1789948463.414375,ok,15.883,
lee-sj,135,2026-09-20T23:54:23.415+00:00,1789948463.415653,1789948463.421973,ok,6.290,
lee-limon,122,2026-09-20T23:54:23.421+00:00,1789948463.421998,1789948463.424033,ok,1.996,
escribe-limon,111,2026-09-20T23:54:23.467+00:00,1789948463.467243,1789948463.491947,ok,24.666,
escribe-cruza,111,2026-09-20T23:54:23.531+00:00,1789948463.531817,1789948463.555044,ok,23.175,
lee-moneda,168,2026-09-20T23:54:23.601+00:00,1789948463.601461,1789948463.602450,ok,0.956,
escribe-sj,128,2026-09-20T23:54:23.598+00:00,1789948463.598582,1789948463.622080,ok,23.445,
lee-limon,123,2026-09-20T23:54:23.622+00:00,1789948463.622113,1789948463.623904,ok,1.762,
lee-sj,136,2026-09-20T23:54:23.615+00:00,1789948463.615738,1789948463.630599,ok,14.828,
escribe-limon,112,2026-09-20T23:54:23.667+00:00,1789948463.667313,1789948463.690377,ok,23.026,
escribe-cruza,112,2026-09-20T23:54:23.731+00:00,1789948463.731888,1789948463.756739,ok,24.814,
lee-moneda,169,2026-09-20T23:54:23.801+00:00,1789948463.801527,1789948463.803561,ok,2.000,
escribe-sj,129,2026-09-20T23:54:23.798+00:00,1789948463.798651,1789948463.820374,ok,21.681,
lee-limon,124,2026-09-20T23:54:23.822+00:00,1789948463.822175,1789948463.823495,ok,1.294,
lee-sj,137,2026-09-20T23:54:23.815+00:00,1789948463.815806,1789948463.828236,ok,12.396,
escribe-limon,113,2026-09-20T23:54:23.867+00:00,1789948463.867427,1789948463.891226,ok,23.760,
escribe-cruza,113,2026-09-20T23:54:23.931+00:00,1789948463.931959,1789948463.950144,ok,18.151,
lee-moneda,170,2026-09-20T23:54:24.001+00:00,1789948464.001572,1789948464.002556,ok,0.949,
escribe-sj,130,2026-09-20T23:54:23.998+00:00,1789948463.998759,1789948464.021806,ok,23.006,
lee-limon,125,2026-09-20T23:54:24.022+00:00,1789948464.022239,1789948464.023697,ok,1.430,
lee-sj,138,2026-09-20T23:54:24.015+00:00,1789948464.015875,1789948464.030311,ok,14.406,
escribe-limon,114,2026-09-20T23:54:24.067+00:00,1789948464.067502,1789948464.090464,ok,22.919,
escribe-cruza,114,2026-09-20T23:54:24.132+00:00,1789948464.132059,1789948464.154273,ok,22.178,
lee-moneda,171,2026-09-20T23:54:24.201+00:00,1789948464.201622,1789948464.202567,ok,0.911,
escribe-sj,131,2026-09-20T23:54:24.198+00:00,1789948464.198879,1789948464.222981,ok,24.067,
lee-limon,126,2026-09-20T23:54:24.222+00:00,1789948464.222395,1789948464.224648,ok,2.221,
lee-sj,139,2026-09-20T23:54:24.215+00:00,1789948464.215944,1789948464.230732,ok,14.761,
escribe-limon,115,2026-09-20T23:54:24.267+00:00,1789948464.267627,1789948464.291348,ok,23.683,
escribe-cruza,115,2026-09-20T23:54:24.332+00:00,1789948464.332184,1789948464.355561,ok,23.314,
lee-moneda,172,2026-09-20T23:54:24.401+00:00,1789948464.401716,1789948464.402650,ok,0.899,
escribe-sj,132,2026-09-20T23:54:24.398+00:00,1789948464.398988,1789948464.420686,ok,21.606,
lee-limon,127,2026-09-20T23:54:24.422+00:00,1789948464.422462,1789948464.424373,ok,1.881,
lee-sj,140,2026-09-20T23:54:24.416+00:00,1789948464.416006,1789948464.426859,ok,10.823,
escribe-limon,116,2026-09-20T23:54:24.467+00:00,1789948464.467697,1789948464.491949,ok,24.218,
escribe-cruza,116,2026-09-20T23:54:24.532+00:00,1789948464.532304,1789948464.557462,ok,25.121,
lee-moneda,173,2026-09-20T23:54:24.601+00:00,1789948464.601760,1789948464.602714,ok,0.916,
escribe-sj,133,2026-09-20T23:54:24.599+00:00,1789948464.599110,1789948464.622335,ok,23.184,
lee-limon,128,2026-09-20T23:54:24.622+00:00,1789948464.622528,1789948464.624060,ok,1.500,
lee-sj,141,2026-09-20T23:54:24.616+00:00,1789948464.616076,1789948464.631035,ok,14.926,
escribe-limon,117,2026-09-20T23:54:24.667+00:00,1789948464.667817,1789948464.691669,ok,23.820,
escribe-cruza,117,2026-09-20T23:54:24.732+00:00,1789948464.732373,1789948464.757727,ok,25.310,
lee-moneda,174,2026-09-20T23:54:24.801+00:00,1789948464.801895,1789948464.802811,ok,0.884,
escribe-sj,134,2026-09-20T23:54:24.799+00:00,1789948464.799230,1789948464.822364,ok,23.095,
lee-limon,129,2026-09-20T23:54:24.822+00:00,1789948464.822594,1789948464.824254,ok,1.632,
lee-sj,142,2026-09-20T23:54:24.816+00:00,1789948464.816143,1789948464.830428,ok,14.256,
escribe-limon,118,2026-09-20T23:54:24.867+00:00,1789948464.867926,1789948464.892323,ok,24.358,
escribe-cruza,118,2026-09-20T23:54:24.932+00:00,1789948464.932445,1789948464.957008,ok,24.524,
lee-moneda,175,2026-09-20T23:54:25.001+00:00,1789948465.001956,1789948465.004084,ok,2.077,
escribe-sj,135,2026-09-20T23:54:24.999+00:00,1789948464.999303,1789948465.012814,ok,13.473,
lee-sj,143,2026-09-20T23:54:25.016+00:00,1789948465.016172,1789948465.020104,ok,3.901,
lee-limon,130,2026-09-20T23:54:25.022+00:00,1789948465.022658,1789948465.024107,ok,1.422,
escribe-limon,119,2026-09-20T23:54:25.068+00:00,1789948465.068032,1789948465.092214,ok,24.140,
escribe-cruza,119,2026-09-20T23:54:25.132+00:00,1789948465.132546,1789948465.157451,ok,24.847,
lee-moneda,176,2026-09-20T23:54:25.202+00:00,1789948465.202022,1789948465.203015,ok,0.959,
escribe-sj,136,2026-09-20T23:54:25.199+00:00,1789948465.199373,1789948465.222673,ok,23.243,
lee-limon,131,2026-09-20T23:54:25.222+00:00,1789948465.222781,1789948465.224807,ok,1.969,
lee-sj,144,2026-09-20T23:54:25.216+00:00,1789948465.216227,1789948465.230932,ok,14.678,
escribe-limon,120,2026-09-20T23:54:25.268+00:00,1789948465.268102,1789948465.291618,ok,23.479,
escribe-cruza,120,2026-09-20T23:54:25.332+00:00,1789948465.332616,1789948465.357281,ok,24.585,
lee-moneda,177,2026-09-20T23:54:25.402+00:00,1789948465.402091,1789948465.402977,ok,0.838,
escribe-sj,137,2026-09-20T23:54:25.399+00:00,1789948465.399442,1789948465.419899,ok,20.423,
lee-limon,132,2026-09-20T23:54:25.422+00:00,1789948465.422859,1789948465.424752,ok,1.844,
lee-sj,145,2026-09-20T23:54:25.416+00:00,1789948465.416297,1789948465.427727,ok,11.399,
escribe-limon,121,2026-09-20T23:54:25.468+00:00,1789948465.468142,1789948465.494722,ok,26.545,
escribe-cruza,121,2026-09-20T23:54:25.532+00:00,1789948465.532731,1789948465.556015,ok,23.244,
lee-moneda,178,2026-09-20T23:54:25.602+00:00,1789948465.602154,1789948465.603123,ok,0.936,
escribe-sj,138,2026-09-20T23:54:25.599+00:00,1789948465.599542,1789948465.622462,ok,22.859,
lee-limon,133,2026-09-20T23:54:25.622+00:00,1789948465.622968,1789948465.624418,ok,1.417,
lee-sj,146,2026-09-20T23:54:25.616+00:00,1789948465.616367,1789948465.630950,ok,14.552,
escribe-limon,122,2026-09-20T23:54:25.668+00:00,1789948465.668228,1789948465.692490,ok,24.223,
escribe-cruza,122,2026-09-20T23:54:25.732+00:00,1789948465.732802,1789948465.753196,ok,20.347,
lee-moneda,179,2026-09-20T23:54:25.802+00:00,1789948465.802220,1789948465.803055,ok,0.806,
escribe-sj,139,2026-09-20T23:54:25.799+00:00,1789948465.799624,1789948465.823044,ok,23.382,
lee-limon,134,2026-09-20T23:54:25.823+00:00,1789948465.823077,1789948465.824998,ok,1.894,
lee-sj,147,2026-09-20T23:54:25.816+00:00,1789948465.816435,1789948465.832025,ok,15.555,
escribe-limon,123,2026-09-20T23:54:25.868+00:00,1789948465.868299,1789948465.892052,ok,23.700,
escribe-cruza,123,2026-09-20T23:54:25.932+00:00,1789948465.932922,1789948465.957005,ok,24.012,
lee-moneda,180,2026-09-20T23:54:26.002+00:00,1789948466.002312,1789948466.003598,ok,1.251,
escribe-sj,140,2026-09-20T23:54:25.999+00:00,1789948465.999685,1789948466.023080,ok,23.353,
lee-limon,135,2026-09-20T23:54:26.023+00:00,1789948466.023151,1789948466.024892,ok,1.709,
lee-sj,148,2026-09-20T23:54:26.016+00:00,1789948466.016504,1789948466.031640,ok,15.107,
escribe-limon,124,2026-09-20T23:54:26.068+00:00,1789948466.068368,1789948466.084221,ok,15.812,
escribe-cruza,124,2026-09-20T23:54:26.133+00:00,1789948466.133029,1789948466.158284,ok,25.213,
lee-moneda,181,2026-09-20T23:54:26.202+00:00,1789948466.202428,1789948466.203711,ok,1.186,
escribe-sj,141,2026-09-20T23:54:26.199+00:00,1789948466.199769,1789948466.213620,ok,13.816,
lee-sj,149,2026-09-20T23:54:26.216+00:00,1789948466.216601,1789948466.221501,ok,4.867,
lee-limon,136,2026-09-20T23:54:26.223+00:00,1789948466.223177,1789948466.224974,ok,1.749,
escribe-limon,125,2026-09-20T23:54:26.268+00:00,1789948466.268477,1789948466.293560,ok,25.049,
escribe-cruza,125,2026-09-20T23:54:26.333+00:00,1789948466.333100,1789948466.356489,ok,23.317,
lee-moneda,182,2026-09-20T23:54:26.402+00:00,1789948466.402680,1789948466.403561,ok,0.848,
escribe-sj,142,2026-09-20T23:54:26.399+00:00,1789948466.399838,1789948466.423532,ok,23.654,
lee-limon,137,2026-09-20T23:54:26.423+00:00,1789948466.423251,1789948466.425212,ok,1.925,
lee-sj,150,2026-09-20T23:54:26.416+00:00,1789948466.416671,1789948466.431734,ok,15.031,
escribe-limon,126,2026-09-20T23:54:26.468+00:00,1789948466.468569,1789948466.488056,ok,19.447,
escribe-cruza,126,2026-09-20T23:54:26.533+00:00,1789948466.533127,1789948466.559176,ok,26.002,
lee-moneda,183,2026-09-20T23:54:26.602+00:00,1789948466.602849,1789948466.603935,ok,1.047,
escribe-sj,143,2026-09-20T23:54:26.599+00:00,1789948466.599920,1789948466.622057,ok,22.070,
lee-limon,138,2026-09-20T23:54:26.623+00:00,1789948466.623317,1789948466.624722,ok,1.352,
lee-sj,151,2026-09-20T23:54:26.616+00:00,1789948466.616742,1789948466.630475,ok,13.703,
escribe-limon,127,2026-09-20T23:54:26.668+00:00,1789948466.668674,1789948466.691103,ok,22.395,
escribe-cruza,127,2026-09-20T23:54:26.733+00:00,1789948466.733227,1789948466.765465,ok,32.164,
lee-moneda,184,2026-09-20T23:54:26.802+00:00,1789948466.802916,1789948466.804055,ok,1.101,
escribe-sj,144,2026-09-20T23:54:26.800+00:00,1789948466.800030,1789948466.822730,ok,22.629,
lee-limon,139,2026-09-20T23:54:26.823+00:00,1789948466.823383,1789948466.824914,ok,1.502,
lee-sj,152,2026-09-20T23:54:26.816+00:00,1789948466.816862,1789948466.831055,ok,14.161,
escribe-limon,128,2026-09-20T23:54:26.868+00:00,1789948466.868756,1789948466.894668,ok,25.875,
escribe-cruza,128,2026-09-20T23:54:26.933+00:00,1789948466.933328,1789948466.956833,ok,23.433,
lee-moneda,185,2026-09-20T23:54:27.002+00:00,1789948467.002941,1789948467.003887,ok,0.888,
escribe-sj,145,2026-09-20T23:54:27.000+00:00,1789948467.000136,1789948467.013789,ok,13.613,
lee-sj,153,2026-09-20T23:54:27.016+00:00,1789948467.016928,1789948467.021411,ok,4.456,
lee-limon,140,2026-09-20T23:54:27.023+00:00,1789948467.023460,1789948467.025177,ok,1.675,
escribe-limon,129,2026-09-20T23:54:27.068+00:00,1789948467.068825,1789948467.092327,ok,23.466,
escribe-cruza,129,2026-09-20T23:54:27.133+00:00,1789948467.133437,1789948467.153733,ok,20.259,
lee-moneda,186,2026-09-20T23:54:27.203+00:00,1789948467.203020,1789948467.205748,ok,2.461,
escribe-sj,146,2026-09-20T23:54:27.200+00:00,1789948467.200175,1789948467.223585,ok,23.322,
lee-limon,141,2026-09-20T23:54:27.223+00:00,1789948467.223659,1789948467.225097,ok,1.407,
lee-sj,154,2026-09-20T23:54:27.217+00:00,1789948467.217467,1789948467.231804,ok,14.310,
escribe-limon,130,2026-09-20T23:54:27.268+00:00,1789948467.268906,1789948467.293088,ok,24.140,
escribe-cruza,130,2026-09-20T23:54:27.333+00:00,1789948467.333507,1789948467.359539,ok,25.964,
lee-moneda,187,2026-09-20T23:54:27.403+00:00,1789948467.403101,1789948467.404093,ok,0.962,
escribe-sj,147,2026-09-20T23:54:27.400+00:00,1789948467.400217,1789948467.420704,ok,20.455,
lee-limon,142,2026-09-20T23:54:27.423+00:00,1789948467.423764,1789948467.425803,ok,2.009,
lee-sj,155,2026-09-20T23:54:27.417+00:00,1789948467.417537,1789948467.428678,ok,11.108,
escribe-limon,131,2026-09-20T23:54:27.468+00:00,1789948467.468975,1789948467.492963,ok,23.954,
escribe-cruza,131,2026-09-20T23:54:27.533+00:00,1789948467.533592,1789948467.556664,ok,23.033,
lee-moneda,188,2026-09-20T23:54:27.603+00:00,1789948467.603184,1789948467.604423,ok,1.203,
escribe-sj,148,2026-09-20T23:54:27.600+00:00,1789948467.600300,1789948467.624559,ok,24.219,
lee-limon,143,2026-09-20T23:54:27.623+00:00,1789948467.623865,1789948467.625630,ok,1.738,
lee-sj,156,2026-09-20T23:54:27.617+00:00,1789948467.617606,1789948467.632967,ok,15.327,
escribe-limon,132,2026-09-20T23:54:27.669+00:00,1789948467.669043,1789948467.691066,ok,21.979,
escribe-cruza,132,2026-09-20T23:54:27.733+00:00,1789948467.733665,1789948467.764469,ok,30.771,
lee-moneda,189,2026-09-20T23:54:27.803+00:00,1789948467.803256,1789948467.805794,ok,2.501,
lee-limon,144,2026-09-20T23:54:27.823+00:00,1789948467.823940,1789948467.827220,ok,3.243,
escribe-sj,149,2026-09-20T23:54:27.800+00:00,1789948467.800385,1789948467.830434,ok,30.009,
lee-sj,157,2026-09-20T23:54:27.817+00:00,1789948467.817678,1789948467.841376,ok,23.656,
escribe-limon,133,2026-09-20T23:54:27.869+00:00,1789948467.869833,1789948467.894279,ok,24.406,
escribe-cruza,133,2026-09-20T23:54:27.933+00:00,1789948467.933735,1789948467.956960,ok,23.178,
lee-moneda,190,2026-09-20T23:54:28.003+00:00,1789948468.003325,1789948468.004458,ok,1.096,
escribe-sj,150,2026-09-20T23:54:28.000+00:00,1789948468.000456,1789948468.017632,ok,17.128,
lee-sj,158,2026-09-20T23:54:28.017+00:00,1789948468.017751,1789948468.022823,ok,5.038,
lee-limon,145,2026-09-20T23:54:28.024+00:00,1789948468.024016,1789948468.025788,ok,1.716,
escribe-limon,134,2026-09-20T23:54:28.069+00:00,1789948468.069909,1789948468.095336,ok,25.387,
escribe-cruza,134,2026-09-20T23:54:28.133+00:00,1789948468.133812,1789948468.161684,ok,27.828,
lee-moneda,191,2026-09-20T23:54:28.203+00:00,1789948468.203402,1789948468.206642,ok,3.200,
escribe-sj,151,2026-09-20T23:54:28.200+00:00,1789948468.200527,1789948468.223283,ok,22.713,
lee-limon,146,2026-09-20T23:54:28.224+00:00,1789948468.224080,1789948468.226667,ok,2.472,
lee-sj,159,2026-09-20T23:54:28.217+00:00,1789948468.217819,1789948468.231698,ok,13.845,
escribe-limon,135,2026-09-20T23:54:28.270+00:00,1789948468.270004,1789948468.303714,ok,33.661,
escribe-cruza,135,2026-09-20T23:54:28.333+00:00,1789948468.333888,1789948468.360938,ok,26.989,
lee-moneda,192,2026-09-20T23:54:28.403+00:00,1789948468.403493,1789948468.406429,ok,2.894,
escribe-sj,152,2026-09-20T23:54:28.400+00:00,1789948468.400603,1789948468.422857,ok,22.217,
lee-limon,147,2026-09-20T23:54:28.424+00:00,1789948468.424200,1789948468.425670,ok,1.430,
lee-sj,160,2026-09-20T23:54:28.417+00:00,1789948468.417891,1789948468.427233,ok,9.305,
escribe-limon,136,2026-09-20T23:54:28.470+00:00,1789948468.470076,1789948468.492667,ok,22.548,
escribe-cruza,136,2026-09-20T23:54:28.533+00:00,1789948468.533972,1789948468.556972,ok,22.955,
lee-moneda,193,2026-09-20T23:54:28.603+00:00,1789948468.603572,1789948468.604820,ok,1.152,
escribe-sj,153,2026-09-20T23:54:28.600+00:00,1789948468.600681,1789948468.622005,ok,21.286,
lee-limon,148,2026-09-20T23:54:28.624+00:00,1789948468.624270,1789948468.625961,ok,1.652,
lee-sj,161,2026-09-20T23:54:28.617+00:00,1789948468.617963,1789948468.630324,ok,12.320,
escribe-limon,137,2026-09-20T23:54:28.670+00:00,1789948468.670147,1789948468.693901,ok,23.711,
escribe-cruza,137,2026-09-20T23:54:28.734+00:00,1789948468.734046,1789948468.760872,ok,26.773,
lee-moneda,194,2026-09-20T23:54:28.803+00:00,1789948468.803638,1789948468.804648,ok,0.974,
escribe-sj,154,2026-09-20T23:54:28.800+00:00,1789948468.800750,1789948468.825234,ok,24.443,
lee-limon,149,2026-09-20T23:54:28.824+00:00,1789948468.824341,1789948468.826774,ok,2.400,
lee-sj,162,2026-09-20T23:54:28.818+00:00,1789948468.818037,1789948468.834551,ok,16.458,
escribe-limon,138,2026-09-20T23:54:28.870+00:00,1789948468.870178,1789948468.894356,ok,24.133,
escribe-cruza,138,2026-09-20T23:54:28.934+00:00,1789948468.934142,1789948468.961916,ok,27.739,
lee-moneda,195,2026-09-20T23:54:29.003+00:00,1789948469.003707,1789948469.005940,ok,2.145,
escribe-sj,155,2026-09-20T23:54:29.000+00:00,1789948469.000820,1789948469.025699,ok,24.740,
lee-limon,150,2026-09-20T23:54:29.024+00:00,1789948469.024421,1789948469.026815,ok,2.355,
lee-sj,163,2026-09-20T23:54:29.018+00:00,1789948469.018125,1789948469.032068,ok,13.906,
escribe-limon,139,2026-09-20T23:54:29.070+00:00,1789948469.070251,1789948469.095580,ok,25.284,
escribe-cruza,139,2026-09-20T23:54:29.134+00:00,1789948469.134180,1789948469.161307,ok,27.082,
lee-moneda,196,2026-09-20T23:54:29.203+00:00,1789948469.203785,1789948469.205073,ok,1.249,
escribe-sj,156,2026-09-20T23:54:29.200+00:00,1789948469.200970,1789948469.220770,ok,19.710,
lee-limon,151,2026-09-20T23:54:29.224+00:00,1789948469.224494,1789948469.226197,ok,1.649,
lee-sj,164,2026-09-20T23:54:29.218+00:00,1789948469.218183,1789948469.226350,ok,8.146,
escribe-limon,140,2026-09-20T23:54:29.270+00:00,1789948469.270338,1789948469.300508,ok,29.652,
escribe-cruza,140,2026-09-20T23:54:29.334+00:00,1789948469.334253,1789948469.355512,ok,21.215,
lee-moneda,197,2026-09-20T23:54:29.404+00:00,1789948469.404173,1789948469.407468,ok,3.257,
escribe-sj,157,2026-09-20T23:54:29.401+00:00,1789948469.401087,1789948469.420361,ok,19.051,
lee-limon,152,2026-09-20T23:54:29.424+00:00,1789948469.424603,1789948469.426702,ok,2.061,
lee-sj,165,2026-09-20T23:54:29.418+00:00,1789948469.418234,1789948469.430143,ok,11.874,
escribe-limon,141,2026-09-20T23:54:29.470+00:00,1789948469.470421,1789948469.496969,ok,26.506,
escribe-cruza,141,2026-09-20T23:54:29.534+00:00,1789948469.534324,1789948469.554084,ok,19.696,
lee-moneda,198,2026-09-20T23:54:29.604+00:00,1789948469.604252,1789948469.605390,ok,0.972,
escribe-sj,158,2026-09-20T23:54:29.601+00:00,1789948469.601215,1789948469.627697,ok,26.441,
lee-limon,153,2026-09-20T23:54:29.624+00:00,1789948469.624708,1789948469.628911,ok,4.162,
lee-sj,166,2026-09-20T23:54:29.620+00:00,1789948469.620181,1789948469.636939,ok,16.692,
escribe-limon,142,2026-09-20T23:54:29.670+00:00,1789948469.670494,1789948469.707072,ok,36.536,
escribe-cruza,142,2026-09-20T23:54:29.734+00:00,1789948469.734396,1789948469.764486,ok,30.047,
lee-moneda,199,2026-09-20T23:54:29.804+00:00,1789948469.804314,1789948469.805353,ok,0.984,
escribe-sj,159,2026-09-20T23:54:29.801+00:00,1789948469.801298,1789948469.825038,ok,23.704,
lee-limon,154,2026-09-20T23:54:29.824+00:00,1789948469.824785,1789948469.827184,ok,2.328,
lee-sj,167,2026-09-20T23:54:29.820+00:00,1789948469.820253,1789948469.832720,ok,12.398,
escribe-limon,143,2026-09-20T23:54:29.870+00:00,1789948469.870569,1789948469.901723,ok,31.111,
escribe-cruza,143,2026-09-20T23:54:29.934+00:00,1789948469.934473,1789948469.960031,ok,25.517,
lee-moneda,200,2026-09-20T23:54:30.004+00:00,1789948470.004401,1789948470.005593,ok,1.149,
lee-limon,155,2026-09-20T23:54:30.024+00:00,1789948470.024855,1789948470.026566,ok,1.682,
escribe-sj,160,2026-09-20T23:54:30.001+00:00,1789948470.001369,1789948470.032472,ok,31.061,
lee-sj,168,2026-09-20T23:54:30.020+00:00,1789948470.020323,1789948470.043288,ok,22.927,
escribe-limon,144,2026-09-20T23:54:30.070+00:00,1789948470.070677,1789948470.099507,ok,28.757,
escribe-cruza,144,2026-09-20T23:54:30.134+00:00,1789948470.134549,1789948470.162758,ok,28.169,
lee-moneda,201,2026-09-20T23:54:30.204+00:00,1789948470.204419,1789948470.205562,ok,1.109,
escribe-sj,161,2026-09-20T23:54:30.201+00:00,1789948470.201438,1789948470.218808,ok,17.297,
lee-limon,156,2026-09-20T23:54:30.224+00:00,1789948470.224923,1789948470.226350,ok,1.396,
lee-sj,169,2026-09-20T23:54:30.220+00:00,1789948470.220418,1789948470.228268,ok,7.817,
escribe-limon,145,2026-09-20T23:54:30.270+00:00,1789948470.270756,1789948470.297211,ok,26.417,
escribe-cruza,145,2026-09-20T23:54:30.334+00:00,1789948470.334618,1789948470.357463,ok,22.802,
lee-moneda,202,2026-09-20T23:54:30.404+00:00,1789948470.404488,1789948470.405528,ok,0.987,
lee-limon,157,2026-09-20T23:54:30.425+00:00,1789948470.425034,1789948470.426646,ok,1.565,
escribe-sj,162,2026-09-20T23:54:30.401+00:00,1789948470.401541,1789948470.426817,ok,25.176,
lee-sj,170,2026-09-20T23:54:30.420+00:00,1789948470.420488,1789948470.434107,ok,13.591,
escribe-limon,146,2026-09-20T23:54:30.470+00:00,1789948470.470961,1789948470.494843,ok,23.843,
escribe-cruza,146,2026-09-20T23:54:30.534+00:00,1789948470.534738,1789948470.559278,ok,24.499,
lee-moneda,203,2026-09-20T23:54:30.604+00:00,1789948470.604557,1789948470.605668,ok,1.047,
escribe-sj,163,2026-09-20T23:54:30.601+00:00,1789948470.601611,1789948470.624181,ok,22.521,
lee-limon,158,2026-09-20T23:54:30.625+00:00,1789948470.625104,1789948470.626574,ok,1.434,
lee-sj,171,2026-09-20T23:54:30.620+00:00,1789948470.620556,1789948470.632599,ok,12.014,
escribe-limon,147,2026-09-20T23:54:30.671+00:00,1789948470.671048,1789948470.694748,ok,23.629,
escribe-cruza,147,2026-09-20T23:54:30.734+00:00,1789948470.734845,1789948470.757606,ok,22.687,
lee-moneda,204,2026-09-20T23:54:30.804+00:00,1789948470.804662,1789948470.805645,ok,0.951,
escribe-sj,164,2026-09-20T23:54:30.801+00:00,1789948470.801717,1789948470.822492,ok,20.713,
lee-limon,159,2026-09-20T23:54:30.825+00:00,1789948470.825204,1789948470.826796,ok,1.554,
lee-sj,172,2026-09-20T23:54:30.820+00:00,1789948470.820625,1789948470.830187,ok,9.521,
escribe-limon,148,2026-09-20T23:54:30.871+00:00,1789948470.871131,1789948470.895547,ok,24.376,
escribe-cruza,148,2026-09-20T23:54:30.934+00:00,1789948470.934952,1789948470.958507,ok,23.514,
lee-moneda,205,2026-09-20T23:54:31.004+00:00,1789948471.004720,1789948471.005689,ok,0.934,
escribe-sj,165,2026-09-20T23:54:31.001+00:00,1789948471.001822,1789948471.024575,ok,22.715,
lee-limon,160,2026-09-20T23:54:31.025+00:00,1789948471.025270,1789948471.027085,ok,1.779,
lee-sj,173,2026-09-20T23:54:31.020+00:00,1789948471.020725,1789948471.032758,ok,12.006,
escribe-limon,149,2026-09-20T23:54:31.071+00:00,1789948471.071175,1789948471.100083,ok,28.867,
escribe-cruza,149,2026-09-20T23:54:31.135+00:00,1789948471.135021,1789948471.155703,ok,20.648,
lee-moneda,206,2026-09-20T23:54:31.204+00:00,1789948471.204787,1789948471.205691,ok,0.858,
escribe-sj,166,2026-09-20T23:54:31.201+00:00,1789948471.201893,1789948471.225040,ok,23.107,
lee-limon,161,2026-09-20T23:54:31.225+00:00,1789948471.225337,1789948471.227072,ok,1.705,
lee-sj,174,2026-09-20T23:54:31.220+00:00,1789948471.220784,1789948471.233478,ok,12.666,
escribe-limon,150,2026-09-20T23:54:31.271+00:00,1789948471.271245,1789948471.293323,ok,22.044,
escribe-cruza,150,2026-09-20T23:54:31.335+00:00,1789948471.335093,1789948471.358331,ok,23.198,
lee-moneda,207,2026-09-20T23:54:31.404+00:00,1789948471.404912,1789948471.406068,ok,1.088,
escribe-sj,167,2026-09-20T23:54:31.401+00:00,1789948471.401991,1789948471.426042,ok,24.009,
lee-limon,162,2026-09-20T23:54:31.425+00:00,1789948471.425382,1789948471.426992,ok,1.576,
lee-sj,175,2026-09-20T23:54:31.420+00:00,1789948471.420867,1789948471.434979,ok,14.085,
escribe-limon,151,2026-09-20T23:54:31.471+00:00,1789948471.471317,1789948471.495306,ok,23.951,
escribe-cruza,151,2026-09-20T23:54:31.535+00:00,1789948471.535204,1789948471.558887,ok,23.602,
lee-moneda,208,2026-09-20T23:54:31.604+00:00,1789948471.604977,1789948471.605961,ok,0.935,
escribe-sj,168,2026-09-20T23:54:31.602+00:00,1789948471.602060,1789948471.624650,ok,22.548,
lee-limon,163,2026-09-20T23:54:31.625+00:00,1789948471.625413,1789948471.626986,ok,1.543,
lee-sj,176,2026-09-20T23:54:31.620+00:00,1789948471.620977,1789948471.633060,ok,12.056,
escribe-limon,152,2026-09-20T23:54:31.671+00:00,1789948471.671400,1789948471.695732,ok,24.278,
escribe-cruza,152,2026-09-20T23:54:31.735+00:00,1789948471.735287,1789948471.758857,ok,23.528,
lee-moneda,209,2026-09-20T23:54:31.805+00:00,1789948471.805058,1789948471.806431,ok,1.279,
escribe-sj,169,2026-09-20T23:54:31.802+00:00,1789948471.802189,1789948471.817909,ok,15.686,
lee-sj,177,2026-09-20T23:54:31.821+00:00,1789948471.821045,1789948471.825999,ok,4.924,
lee-limon,164,2026-09-20T23:54:31.825+00:00,1789948471.825486,1789948471.827604,ok,2.089,
escribe-limon,153,2026-09-20T23:54:31.871+00:00,1789948471.871469,1789948471.908132,ok,36.611,
escribe-cruza,153,2026-09-20T23:54:31.935+00:00,1789948471.935356,1789948471.959855,ok,24.425,
lee-moneda,210,2026-09-20T23:54:32.005+00:00,1789948472.005141,1789948472.006419,ok,1.239,
escribe-sj,170,2026-09-20T23:54:32.002+00:00,1789948472.002271,1789948472.023021,ok,20.710,
lee-limon,165,2026-09-20T23:54:32.025+00:00,1789948472.025554,1789948472.027021,ok,1.437,
lee-sj,178,2026-09-20T23:54:32.021+00:00,1789948472.021169,1789948472.030814,ok,9.617,
escribe-limon,154,2026-09-20T23:54:32.071+00:00,1789948472.071539,1789948472.095904,ok,24.327,
escribe-cruza,154,2026-09-20T23:54:32.135+00:00,1789948472.135427,1789948472.155288,ok,19.825,
lee-moneda,211,2026-09-20T23:54:32.205+00:00,1789948472.205172,1789948472.206099,ok,0.892,
escribe-sj,171,2026-09-20T23:54:32.202+00:00,1789948472.202342,1789948472.223394,ok,21.013,
lee-limon,166,2026-09-20T23:54:32.225+00:00,1789948472.225621,1789948472.227290,ok,1.627,
lee-sj,179,2026-09-20T23:54:32.221+00:00,1789948472.221236,1789948472.230817,ok,9.549,
escribe-limon,155,2026-09-20T23:54:32.271+00:00,1789948472.271640,1789948472.293722,ok,22.044,
escribe-cruza,155,2026-09-20T23:54:32.335+00:00,1789948472.335514,1789948472.364713,ok,29.156,
lee-moneda,212,2026-09-20T23:54:32.405+00:00,1789948472.405248,1789948472.415623,ok,10.336,
lee-limon,167,2026-09-20T23:54:32.425+00:00,1789948472.425784,1789948472.431823,ok,6.000,
escribe-sj,172,2026-09-20T23:54:32.402+00:00,1789948472.402466,1789948472.434288,ok,31.778,
lee-sj,180,2026-09-20T23:54:32.425+00:00,1789948472.425610,1789948472.451055,ok,25.402,
escribe-limon,156,2026-09-20T23:54:32.471+00:00,1789948472.471720,1789948472.531510,ok,59.748,
escribe-cruza,156,2026-09-20T23:54:32.535+00:00,1789948472.535586,1789948472.574086,ok,38.349,
lee-moneda,213,2026-09-20T23:54:32.605+00:00,1789948472.605340,1789948472.606376,ok,0.996,
lee-limon,168,2026-09-20T23:54:32.626+00:00,1789948472.626196,1789948472.628245,ok,2.008,
escribe-sj,173,2026-09-20T23:54:32.602+00:00,1789948472.602540,1789948472.634708,ok,32.127,
lee-sj,181,2026-09-20T23:54:32.625+00:00,1789948472.625643,1789948472.644323,ok,18.644,
escribe-limon,157,2026-09-20T23:54:32.671+00:00,1789948472.671798,1789948472.693924,ok,22.089,
escribe-cruza,157,2026-09-20T23:54:32.735+00:00,1789948472.735674,1789948472.766137,ok,30.422,
lee-moneda,214,2026-09-20T23:54:32.805+00:00,1789948472.805626,1789948472.806492,ok,0.831,
escribe-sj,174,2026-09-20T23:54:32.802+00:00,1789948472.802656,1789948472.827591,ok,24.889,
lee-limon,169,2026-09-20T23:54:32.826+00:00,1789948472.826418,1789948472.828168,ok,1.713,
lee-sj,182,2026-09-20T23:54:32.825+00:00,1789948472.825713,1789948472.835461,ok,9.716,
escribe-limon,158,2026-09-20T23:54:32.871+00:00,1789948472.871867,1789948472.896827,ok,24.924,
escribe-cruza,158,2026-09-20T23:54:32.935+00:00,1789948472.935744,1789948472.962206,ok,26.427,
lee-moneda,215,2026-09-20T23:54:33.005+00:00,1789948473.005696,1789948473.006550,ok,0.817,
escribe-sj,175,2026-09-20T23:54:33.002+00:00,1789948473.002727,1789948473.020234,ok,17.385,
lee-sj,183,2026-09-20T23:54:33.025+00:00,1789948473.025783,1789948473.027579,ok,1.760,
lee-limon,170,2026-09-20T23:54:33.026+00:00,1789948473.026488,1789948473.027873,ok,1.365,
escribe-limon,159,2026-09-20T23:54:33.071+00:00,1789948473.071938,1789948473.095860,ok,23.880,
escribe-cruza,159,2026-09-20T23:54:33.135+00:00,1789948473.135812,1789948473.160483,ok,24.630,
lee-moneda,216,2026-09-20T23:54:33.205+00:00,1789948473.205978,1789948473.207452,ok,1.407,
escribe-sj,176,2026-09-20T23:54:33.202+00:00,1789948473.202810,1789948473.227403,ok,24.549,
lee-limon,171,2026-09-20T23:54:33.226+00:00,1789948473.226560,1789948473.229056,ok,2.460,
lee-sj,184,2026-09-20T23:54:33.225+00:00,1789948473.225852,1789948473.236119,ok,10.238,
escribe-limon,160,2026-09-20T23:54:33.272+00:00,1789948473.272027,1789948473.297344,ok,25.275,
escribe-cruza,160,2026-09-20T23:54:33.335+00:00,1789948473.335881,1789948473.360804,ok,24.885,
lee-moneda,217,2026-09-20T23:54:33.406+00:00,1789948473.406053,1789948473.406986,ok,0.899,
escribe-sj,177,2026-09-20T23:54:33.402+00:00,1789948473.402920,1789948473.423474,ok,20.518,
lee-limon,172,2026-09-20T23:54:33.426+00:00,1789948473.426628,1789948473.428043,ok,1.382,
lee-sj,185,2026-09-20T23:54:33.425+00:00,1789948473.425920,1789948473.432364,ok,6.415,
escribe-limon,161,2026-09-20T23:54:33.472+00:00,1789948473.472096,1789948473.499226,ok,27.090,
escribe-cruza,161,2026-09-20T23:54:33.535+00:00,1789948473.535950,1789948473.555459,ok,19.469,
lee-moneda,218,2026-09-20T23:54:33.606+00:00,1789948473.606122,1789948473.606993,ok,0.838,
escribe-sj,178,2026-09-20T23:54:33.603+00:00,1789948473.603027,1789948473.627221,ok,24.153,
lee-limon,173,2026-09-20T23:54:33.626+00:00,1789948473.626699,1789948473.628389,ok,1.656,
lee-sj,186,2026-09-20T23:54:33.625+00:00,1789948473.625990,1789948473.635928,ok,9.900,
escribe-limon,162,2026-09-20T23:54:33.672+00:00,1789948473.672193,1789948473.697565,ok,25.325,
escribe-cruza,162,2026-09-20T23:54:33.736+00:00,1789948473.736019,1789948473.757126,ok,21.068,
lee-moneda,219,2026-09-20T23:54:33.806+00:00,1789948473.806197,1789948473.807012,ok,0.782,
escribe-sj,179,2026-09-20T23:54:33.803+00:00,1789948473.803097,1789948473.827054,ok,23.891,
lee-limon,174,2026-09-20T23:54:33.826+00:00,1789948473.826773,1789948473.829013,ok,2.204,
lee-sj,187,2026-09-20T23:54:33.826+00:00,1789948473.826061,1789948473.834864,ok,8.776,
escribe-limon,163,2026-09-20T23:54:33.872+00:00,1789948473.872247,1789948473.899056,ok,26.762,
escribe-cruza,163,2026-09-20T23:54:33.936+00:00,1789948473.936089,1789948473.957040,ok,20.911,
lee-moneda,220,2026-09-20T23:54:34.006+00:00,1789948474.006262,1789948474.007957,ok,1.655,
escribe-sj,180,2026-09-20T23:54:34.003+00:00,1789948474.003236,1789948474.025432,ok,22.160,
lee-limon,175,2026-09-20T23:54:34.026+00:00,1789948474.026842,1789948474.028352,ok,1.476,
lee-sj,188,2026-09-20T23:54:34.026+00:00,1789948474.026133,1789948474.033401,ok,7.221,
escribe-limon,164,2026-09-20T23:54:34.072+00:00,1789948474.072330,1789948474.097909,ok,25.541,
escribe-cruza,164,2026-09-20T23:54:34.136+00:00,1789948474.136167,1789948474.160100,ok,23.890,
lee-moneda,221,2026-09-20T23:54:34.206+00:00,1789948474.206331,1789948474.207438,ok,1.071,
escribe-sj,181,2026-09-20T23:54:34.203+00:00,1789948474.203305,1789948474.227012,ok,23.665,
lee-limon,176,2026-09-20T23:54:34.227+00:00,1789948474.227107,1789948474.228614,ok,1.470,
lee-sj,189,2026-09-20T23:54:34.226+00:00,1789948474.226179,1789948474.236939,ok,10.727,
escribe-limon,165,2026-09-20T23:54:34.272+00:00,1789948474.272402,1789948474.293703,ok,21.262,
escribe-cruza,165,2026-09-20T23:54:34.336+00:00,1789948474.336223,1789948474.360585,ok,24.322,
lee-moneda,222,2026-09-20T23:54:34.406+00:00,1789948474.406394,1789948474.407249,ok,0.824,
escribe-sj,182,2026-09-20T23:54:34.403+00:00,1789948474.403406,1789948474.422616,ok,19.173,
lee-limon,177,2026-09-20T23:54:34.427+00:00,1789948474.427191,1789948474.428644,ok,1.421,
lee-sj,190,2026-09-20T23:54:34.426+00:00,1789948474.426249,1789948474.430590,ok,4.308,
escribe-limon,166,2026-09-20T23:54:34.472+00:00,1789948474.472501,1789948474.488783,ok,16.185,
escribe-cruza,166,2026-09-20T23:54:34.536+00:00,1789948474.536293,1789948474.562980,ok,26.645,
lee-moneda,223,2026-09-20T23:54:34.606+00:00,1789948474.606463,1789948474.607419,ok,0.919,
lee-limon,178,2026-09-20T23:54:34.627+00:00,1789948474.627262,1789948474.628870,ok,1.572,
escribe-sj,183,2026-09-20T23:54:34.603+00:00,1789948474.603525,1789948474.629433,ok,25.875,
lee-sj,191,2026-09-20T23:54:34.626+00:00,1789948474.626317,1789948474.637842,ok,11.492,
escribe-limon,167,2026-09-20T23:54:34.672+00:00,1789948474.672580,1789948474.696446,ok,23.830,
escribe-cruza,167,2026-09-20T23:54:34.736+00:00,1789948474.736362,1789948474.759915,ok,23.508,
lee-moneda,224,2026-09-20T23:54:34.806+00:00,1789948474.806544,1789948474.807503,ok,0.923,
escribe-sj,184,2026-09-20T23:54:34.803+00:00,1789948474.803624,1789948474.825547,ok,21.883,
lee-limon,179,2026-09-20T23:54:34.827+00:00,1789948474.827378,1789948474.828931,ok,1.524,
lee-sj,192,2026-09-20T23:54:34.826+00:00,1789948474.826385,1789948474.833638,ok,7.224,
escribe-limon,168,2026-09-20T23:54:34.872+00:00,1789948474.872650,1789948474.897842,ok,25.152,
escribe-cruza,168,2026-09-20T23:54:34.936+00:00,1789948474.936436,1789948474.963632,ok,27.154,
lee-moneda,225,2026-09-20T23:54:35.006+00:00,1789948475.006612,1789948475.007478,ok,0.836,
escribe-sj,185,2026-09-20T23:54:35.003+00:00,1789948475.003716,1789948475.025267,ok,21.506,
lee-limon,180,2026-09-20T23:54:35.027+00:00,1789948475.027415,1789948475.029005,ok,1.554,
lee-sj,193,2026-09-20T23:54:35.026+00:00,1789948475.026453,1789948475.033185,ok,6.692,
escribe-limon,169,2026-09-20T23:54:35.072+00:00,1789948475.072764,1789948475.096758,ok,23.953,
escribe-cruza,169,2026-09-20T23:54:35.136+00:00,1789948475.136538,1789948475.155865,ok,19.287,
lee-moneda,226,2026-09-20T23:54:35.206+00:00,1789948475.206652,1789948475.207621,ok,0.939,
escribe-sj,186,2026-09-20T23:54:35.203+00:00,1789948475.203787,1789948475.227620,ok,23.792,
lee-limon,181,2026-09-20T23:54:35.227+00:00,1789948475.227940,1789948475.229496,ok,1.527,
lee-sj,194,2026-09-20T23:54:35.226+00:00,1789948475.226537,1789948475.236470,ok,9.902,
escribe-limon,170,2026-09-20T23:54:35.272+00:00,1789948475.272856,1789948475.295681,ok,22.781,
escribe-cruza,170,2026-09-20T23:54:35.336+00:00,1789948475.336636,1789948475.370665,ok,33.985,
lee-moneda,227,2026-09-20T23:54:35.406+00:00,1789948475.406718,1789948475.407588,ok,0.834,
escribe-sj,187,2026-09-20T23:54:35.403+00:00,1789948475.403897,1789948475.425499,ok,21.561,
lee-limon,182,2026-09-20T23:54:35.428+00:00,1789948475.428003,1789948475.429447,ok,1.414,
lee-sj,195,2026-09-20T23:54:35.426+00:00,1789948475.426560,1789948475.433356,ok,6.761,
escribe-limon,171,2026-09-20T23:54:35.472+00:00,1789948475.472925,1789948475.496842,ok,23.877,
escribe-cruza,171,2026-09-20T23:54:35.536+00:00,1789948475.536742,1789948475.560992,ok,24.205,
lee-moneda,228,2026-09-20T23:54:35.606+00:00,1789948475.606782,1789948475.607657,ok,0.843,
escribe-sj,188,2026-09-20T23:54:35.604+00:00,1789948475.604005,1789948475.625832,ok,21.782,
lee-limon,183,2026-09-20T23:54:35.628+00:00,1789948475.628041,1789948475.629561,ok,1.460,
lee-sj,196,2026-09-20T23:54:35.626+00:00,1789948475.626627,1789948475.633954,ok,7.292,
escribe-limon,172,2026-09-20T23:54:35.673+00:00,1789948475.673008,1789948475.695041,ok,21.994,
escribe-cruza,172,2026-09-20T23:54:35.736+00:00,1789948475.736813,1789948475.761759,ok,24.908,
lee-moneda,229,2026-09-20T23:54:35.806+00:00,1789948475.806862,1789948475.807932,ok,1.037,
escribe-sj,189,2026-09-20T23:54:35.804+00:00,1789948475.804093,1789948475.827206,ok,23.081,
lee-limon,184,2026-09-20T23:54:35.828+00:00,1789948475.828129,1789948475.829878,ok,1.719,
lee-sj,197,2026-09-20T23:54:35.826+00:00,1789948475.826699,1789948475.835349,ok,8.624,
escribe-limon,173,2026-09-20T23:54:35.873+00:00,1789948475.873079,1789948475.897291,ok,24.171,
escribe-cruza,173,2026-09-20T23:54:35.936+00:00,1789948475.936919,1789948475.960032,ok,23.065,
lee-moneda,230,2026-09-20T23:54:36.006+00:00,1789948476.006892,1789948476.008085,ok,1.139,
escribe-sj,190,2026-09-20T23:54:36.004+00:00,1789948476.004203,1789948476.025197,ok,20.944,
lee-limon,185,2026-09-20T23:54:36.028+00:00,1789948476.028185,1789948476.029905,ok,1.686,
lee-sj,198,2026-09-20T23:54:36.026+00:00,1789948476.026796,1789948476.033031,ok,6.201,
escribe-limon,174,2026-09-20T23:54:36.073+00:00,1789948476.073191,1789948476.098849,ok,25.616,
escribe-cruza,174,2026-09-20T23:54:36.137+00:00,1789948476.137028,1789948476.161124,ok,24.056,
lee-moneda,231,2026-09-20T23:54:36.206+00:00,1789948476.206964,1789948476.207869,ok,0.871,
escribe-sj,191,2026-09-20T23:54:36.204+00:00,1789948476.204274,1789948476.223952,ok,19.645,
lee-limon,186,2026-09-20T23:54:36.228+00:00,1789948476.228253,1789948476.230144,ok,1.847,
lee-sj,199,2026-09-20T23:54:36.226+00:00,1789948476.226862,1789948476.233419,ok,6.530,
escribe-limon,175,2026-09-20T23:54:36.273+00:00,1789948476.273273,1789948476.298210,ok,24.896,
escribe-cruza,175,2026-09-20T23:54:36.337+00:00,1789948476.337097,1789948476.366306,ok,29.164,
lee-moneda,232,2026-09-20T23:54:36.407+00:00,1789948476.407364,1789948476.408304,ok,0.900,
escribe-sj,192,2026-09-20T23:54:36.404+00:00,1789948476.404342,1789948476.427696,ok,23.298,
lee-limon,187,2026-09-20T23:54:36.428+00:00,1789948476.428319,1789948476.429816,ok,1.465,
lee-sj,200,2026-09-20T23:54:36.426+00:00,1789948476.426937,1789948476.435853,ok,8.888,
escribe-limon,176,2026-09-20T23:54:36.473+00:00,1789948476.473341,1789948476.498198,ok,24.805,
escribe-cruza,176,2026-09-20T23:54:36.537+00:00,1789948476.537170,1789948476.563623,ok,26.411,
lee-moneda,233,2026-09-20T23:54:36.607+00:00,1789948476.607636,1789948476.609366,ok,1.694,
lee-limon,188,2026-09-20T23:54:36.628+00:00,1789948476.628403,1789948476.630246,ok,1.795,
escribe-sj,193,2026-09-20T23:54:36.606+00:00,1789948476.606858,1789948476.643684,ok,36.786,
lee-sj,201,2026-09-20T23:54:36.627+00:00,1789948476.627007,1789948476.651860,ok,24.825,
escribe-limon,177,2026-09-20T23:54:36.673+00:00,1789948476.673412,1789948476.699559,ok,26.066,
escribe-cruza,177,2026-09-20T23:54:36.737+00:00,1789948476.737217,1789948476.777030,ok,39.778,
lee-moneda,234,2026-09-20T23:54:36.807+00:00,1789948476.807701,1789948476.809397,ok,1.666,
escribe-sj,194,2026-09-20T23:54:36.806+00:00,1789948476.806926,1789948476.828959,ok,21.995,
lee-limon,189,2026-09-20T23:54:36.828+00:00,1789948476.828487,1789948476.830567,ok,2.048,
lee-sj,202,2026-09-20T23:54:36.827+00:00,1789948476.827086,1789948476.836898,ok,9.775,
escribe-limon,178,2026-09-20T23:54:36.873+00:00,1789948476.873482,1789948476.898362,ok,24.836,
escribe-cruza,178,2026-09-20T23:54:36.937+00:00,1789948476.937302,1789948476.960260,ok,22.918,
lee-moneda,235,2026-09-20T23:54:37.007+00:00,1789948477.007770,1789948477.008670,ok,0.866,
escribe-sj,195,2026-09-20T23:54:37.007+00:00,1789948477.007034,1789948477.029989,ok,22.914,
lee-limon,190,2026-09-20T23:54:37.028+00:00,1789948477.028554,1789948477.030556,ok,1.965,
lee-sj,203,2026-09-20T23:54:37.027+00:00,1789948477.027170,1789948477.038234,ok,11.037,
escribe-limon,179,2026-09-20T23:54:37.073+00:00,1789948477.073552,1789948477.098059,ok,24.469,
escribe-cruza,179,2026-09-20T23:54:37.137+00:00,1789948477.137373,1789948477.160649,ok,23.236,
lee-moneda,236,2026-09-20T23:54:37.207+00:00,1789948477.207835,1789948477.209806,ok,1.941,
lee-limon,191,2026-09-20T23:54:37.228+00:00,1789948477.228631,1789948477.230452,ok,1.787,
escribe-sj,196,2026-09-20T23:54:37.207+00:00,1789948477.207118,1789948477.231379,ok,24.230,
lee-sj,204,2026-09-20T23:54:37.227+00:00,1789948477.227252,1789948477.239131,ok,11.842,
escribe-limon,180,2026-09-20T23:54:37.273+00:00,1789948477.273654,1789948477.298105,ok,24.412,
escribe-cruza,180,2026-09-20T23:54:37.337+00:00,1789948477.337444,1789948477.360180,ok,22.691,
lee-moneda,237,2026-09-20T23:54:37.407+00:00,1789948477.407898,1789948477.408712,ok,0.787,
escribe-sj,197,2026-09-20T23:54:37.407+00:00,1789948477.407234,1789948477.424598,ok,17.322,
lee-limon,192,2026-09-20T23:54:37.428+00:00,1789948477.428697,1789948477.430322,ok,1.598,
lee-sj,205,2026-09-20T23:54:37.427+00:00,1789948477.427320,1789948477.432420,ok,5.073,
escribe-limon,181,2026-09-20T23:54:37.473+00:00,1789948477.473773,1789948477.497777,ok,23.961,
escribe-cruza,181,2026-09-20T23:54:37.537+00:00,1789948477.537551,1789948477.559432,ok,21.825,
lee-moneda,238,2026-09-20T23:54:37.607+00:00,1789948477.607966,1789948477.608883,ok,0.883,
lee-limon,193,2026-09-20T23:54:37.628+00:00,1789948477.628777,1789948477.630372,ok,1.559,
escribe-sj,198,2026-09-20T23:54:37.607+00:00,1789948477.607303,1789948477.630568,ok,23.247,
lee-sj,206,2026-09-20T23:54:37.627+00:00,1789948477.627374,1789948477.638718,ok,11.310,
escribe-limon,182,2026-09-20T23:54:37.673+00:00,1789948477.673844,1789948477.698072,ok,24.185,
escribe-cruza,182,2026-09-20T23:54:37.737+00:00,1789948477.737623,1789948477.762928,ok,25.238,
lee-moneda,239,2026-09-20T23:54:37.808+00:00,1789948477.808073,1789948477.808843,ok,0.743,
lee-limon,194,2026-09-20T23:54:37.828+00:00,1789948477.828873,1789948477.830375,ok,1.472,
escribe-sj,199,2026-09-20T23:54:37.807+00:00,1789948477.807371,1789948477.833258,ok,25.847,
lee-sj,207,2026-09-20T23:54:37.827+00:00,1789948477.827469,1789948477.841582,ok,14.076,
escribe-limon,183,2026-09-20T23:54:37.873+00:00,1789948477.873912,1789948477.897515,ok,23.562,
escribe-cruza,183,2026-09-20T23:54:37.937+00:00,1789948477.937694,1789948477.955113,ok,17.387,
lee-moneda,240,2026-09-20T23:54:38.008+00:00,1789948478.008195,1789948478.009074,ok,0.844,
escribe-sj,200,2026-09-20T23:54:38.007+00:00,1789948478.007440,1789948478.028218,ok,20.702,
lee-limon,195,2026-09-20T23:54:38.028+00:00,1789948478.028943,1789948478.030487,ok,1.513,
lee-sj,208,2026-09-20T23:54:38.027+00:00,1789948478.027572,1789948478.034832,ok,7.228,
escribe-limon,184,2026-09-20T23:54:38.073+00:00,1789948478.073987,1789948478.097740,ok,23.702,
escribe-cruza,184,2026-09-20T23:54:38.137+00:00,1789948478.137830,1789948478.154603,ok,16.734,
lee-moneda,241,2026-09-20T23:54:38.208+00:00,1789948478.208261,1789948478.209145,ok,0.848,
escribe-sj,201,2026-09-20T23:54:38.207+00:00,1789948478.207510,1789948478.221852,ok,14.302,
lee-sj,209,2026-09-20T23:54:38.227+00:00,1789948478.227640,1789948478.229649,ok,1.974,
lee-limon,196,2026-09-20T23:54:38.229+00:00,1789948478.229136,1789948478.230632,ok,1.468,
escribe-limon,185,2026-09-20T23:54:38.274+00:00,1789948478.274110,1789948478.296231,ok,22.083,
escribe-cruza,185,2026-09-20T23:54:38.337+00:00,1789948478.337898,1789948478.359500,ok,21.568,
lee-moneda,242,2026-09-20T23:54:38.408+00:00,1789948478.408323,1789948478.409209,ok,0.849,
escribe-sj,202,2026-09-20T23:54:38.407+00:00,1789948478.407579,1789948478.429415,ok,21.796,
lee-limon,197,2026-09-20T23:54:38.429+00:00,1789948478.429191,1789948478.430921,ok,1.676,
lee-sj,210,2026-09-20T23:54:38.427+00:00,1789948478.427708,1789948478.437629,ok,9.889,
escribe-limon,186,2026-09-20T23:54:38.474+00:00,1789948478.474196,1789948478.499962,ok,25.725,
escribe-cruza,186,2026-09-20T23:54:38.537+00:00,1789948478.537967,1789948478.561177,ok,23.159,
lee-moneda,243,2026-09-20T23:54:38.608+00:00,1789948478.608387,1789948478.609271,ok,0.851,
escribe-sj,203,2026-09-20T23:54:38.607+00:00,1789948478.607649,1789948478.628094,ok,20.377,
lee-limon,198,2026-09-20T23:54:38.629+00:00,1789948478.629257,1789948478.631209,ok,1.919,
lee-sj,211,2026-09-20T23:54:38.627+00:00,1789948478.627798,1789948478.636065,ok,8.238,
escribe-limon,187,2026-09-20T23:54:38.674+00:00,1789948478.674266,1789948478.698961,ok,24.655,
escribe-cruza,187,2026-09-20T23:54:38.738+00:00,1789948478.738037,1789948478.761486,ok,23.409,
lee-moneda,244,2026-09-20T23:54:38.808+00:00,1789948478.808450,1789948478.809355,ok,0.869,
escribe-sj,204,2026-09-20T23:54:38.807+00:00,1789948478.807747,1789948478.831208,ok,23.403,
lee-limon,199,2026-09-20T23:54:38.829+00:00,1789948478.829326,1789948478.831504,ok,2.154,
lee-sj,212,2026-09-20T23:54:38.827+00:00,1789948478.827866,1789948478.839942,ok,12.047,
escribe-limon,188,2026-09-20T23:54:38.874+00:00,1789948478.874346,1789948478.898659,ok,24.275,
escribe-cruza,188,2026-09-20T23:54:38.938+00:00,1789948478.938143,1789948478.965081,ok,26.898,
lee-moneda,245,2026-09-20T23:54:39.008+00:00,1789948479.008515,1789948479.009479,ok,0.926,
escribe-sj,205,2026-09-20T23:54:39.007+00:00,1789948479.007867,1789948479.022284,ok,14.371,
lee-sj,213,2026-09-20T23:54:39.027+00:00,1789948479.027933,1789948479.030063,ok,2.091,
lee-limon,200,2026-09-20T23:54:39.029+00:00,1789948479.029396,1789948479.031116,ok,1.599,
escribe-limon,189,2026-09-20T23:54:39.074+00:00,1789948479.074448,1789948479.098513,ok,24.027,
escribe-cruza,189,2026-09-20T23:54:39.138+00:00,1789948479.138227,1789948479.162048,ok,23.781,
lee-moneda,246,2026-09-20T23:54:39.208+00:00,1789948479.208580,1789948479.209532,ok,0.919,
lee-limon,201,2026-09-20T23:54:39.229+00:00,1789948479.229464,1789948479.231216,ok,1.709,
escribe-sj,206,2026-09-20T23:54:39.207+00:00,1789948479.207937,1789948479.231880,ok,23.902,
lee-sj,214,2026-09-20T23:54:39.227+00:00,1789948479.227963,1789948479.240207,ok,12.214,
escribe-limon,190,2026-09-20T23:54:39.274+00:00,1789948479.274523,1789948479.314139,ok,39.540,
escribe-cruza,190,2026-09-20T23:54:39.338+00:00,1789948479.338295,1789948479.359039,ok,20.702,
lee-moneda,247,2026-09-20T23:54:39.408+00:00,1789948479.408645,1789948479.409677,ok,0.997,
escribe-sj,207,2026-09-20T23:54:39.408+00:00,1789948479.408005,1789948479.429201,ok,21.136,
lee-limon,202,2026-09-20T23:54:39.429+00:00,1789948479.429517,1789948479.431409,ok,1.856,
lee-sj,215,2026-09-20T23:54:39.428+00:00,1789948479.428047,1789948479.437362,ok,9.283,
escribe-limon,191,2026-09-20T23:54:39.474+00:00,1789948479.474602,1789948479.501670,ok,27.024,
escribe-cruza,191,2026-09-20T23:54:39.538+00:00,1789948479.538366,1789948479.561488,ok,23.089,
lee-moneda,248,2026-09-20T23:54:39.608+00:00,1789948479.608706,1789948479.609904,ok,1.155,
escribe-sj,208,2026-09-20T23:54:39.608+00:00,1789948479.608077,1789948479.628590,ok,20.478,
lee-limon,203,2026-09-20T23:54:39.629+00:00,1789948479.629613,1789948479.631465,ok,1.822,
lee-sj,216,2026-09-20T23:54:39.628+00:00,1789948479.628133,1789948479.636885,ok,8.690,
escribe-limon,192,2026-09-20T23:54:39.674+00:00,1789948479.674725,1789948479.697909,ok,23.143,
escribe-cruza,192,2026-09-20T23:54:39.738+00:00,1789948479.738447,1789948479.762816,ok,24.326,
lee-moneda,249,2026-09-20T23:54:39.808+00:00,1789948479.808757,1789948479.809650,ok,0.858,
lee-limon,204,2026-09-20T23:54:39.829+00:00,1789948479.829680,1789948479.831471,ok,1.764,
escribe-sj,209,2026-09-20T23:54:39.808+00:00,1789948479.808146,1789948479.832784,ok,24.597,
lee-sj,217,2026-09-20T23:54:39.828+00:00,1789948479.828179,1789948479.841135,ok,12.922,
escribe-limon,193,2026-09-20T23:54:39.874+00:00,1789948479.874794,1789948479.901874,ok,27.040,
escribe-cruza,193,2026-09-20T23:54:39.938+00:00,1789948479.938516,1789948479.962308,ok,23.748,
lee-moneda,250,2026-09-20T23:54:40.008+00:00,1789948480.008824,1789948480.009738,ok,0.884,
lee-limon,205,2026-09-20T23:54:40.029+00:00,1789948480.029749,1789948480.031285,ok,1.508,
escribe-sj,210,2026-09-20T23:54:40.008+00:00,1789948480.008213,1789948480.032598,ok,24.244,
lee-sj,218,2026-09-20T23:54:40.028+00:00,1789948480.028249,1789948480.040533,ok,12.251,
escribe-limon,194,2026-09-20T23:54:40.074+00:00,1789948480.074900,1789948480.096019,ok,21.081,
escribe-cruza,194,2026-09-20T23:54:40.138+00:00,1789948480.138586,1789948480.163928,ok,25.308,
lee-moneda,251,2026-09-20T23:54:40.208+00:00,1789948480.208888,1789948480.209744,ok,0.823,
lee-limon,206,2026-09-20T23:54:40.229+00:00,1789948480.229818,1789948480.231314,ok,1.464,
escribe-sj,211,2026-09-20T23:54:40.208+00:00,1789948480.208288,1789948480.232975,ok,24.646,
lee-sj,219,2026-09-20T23:54:40.228+00:00,1789948480.228356,1789948480.241395,ok,13.006,
escribe-limon,195,2026-09-20T23:54:40.274+00:00,1789948480.274969,1789948480.299960,ok,24.951,
escribe-cruza,195,2026-09-20T23:54:40.338+00:00,1789948480.338705,1789948480.369553,ok,30.801,
lee-moneda,252,2026-09-20T23:54:40.408+00:00,1789948480.408944,1789948480.409808,ok,0.830,
lee-limon,207,2026-09-20T23:54:40.429+00:00,1789948480.429883,1789948480.431371,ok,1.455,
escribe-sj,212,2026-09-20T23:54:40.408+00:00,1789948480.408357,1789948480.432922,ok,24.511,
lee-sj,220,2026-09-20T23:54:40.428+00:00,1789948480.428425,1789948480.442979,ok,14.522,
escribe-limon,196,2026-09-20T23:54:40.475+00:00,1789948480.475038,1789948480.497196,ok,22.104,
escribe-cruza,196,2026-09-20T23:54:40.538+00:00,1789948480.538776,1789948480.563637,ok,24.819,
lee-moneda,253,2026-09-20T23:54:40.609+00:00,1789948480.609017,1789948480.609931,ok,0.879,
lee-limon,208,2026-09-20T23:54:40.629+00:00,1789948480.629951,1789948480.631488,ok,1.500,
escribe-sj,213,2026-09-20T23:54:40.608+00:00,1789948480.608428,1789948480.632600,ok,24.122,
lee-sj,221,2026-09-20T23:54:40.628+00:00,1789948480.628495,1789948480.641862,ok,13.321,
escribe-limon,197,2026-09-20T23:54:40.675+00:00,1789948480.675146,1789948480.698053,ok,22.867,
escribe-cruza,197,2026-09-20T23:54:40.738+00:00,1789948480.738852,1789948480.781459,ok,42.560,
lee-moneda,254,2026-09-20T23:54:40.809+00:00,1789948480.809084,1789948480.810067,ok,0.949,
escribe-sj,214,2026-09-20T23:54:40.808+00:00,1789948480.808497,1789948480.827471,ok,18.910,
lee-limon,209,2026-09-20T23:54:40.830+00:00,1789948480.830019,1789948480.831389,ok,1.341,
lee-sj,222,2026-09-20T23:54:40.828+00:00,1789948480.828560,1789948480.835195,ok,6.594,
escribe-limon,198,2026-09-20T23:54:40.875+00:00,1789948480.875181,1789948480.911506,ok,36.285,
escribe-cruza,198,2026-09-20T23:54:40.938+00:00,1789948480.938937,1789948480.960268,ok,21.295,
lee-moneda,255,2026-09-20T23:54:41.009+00:00,1789948481.009126,1789948481.010047,ok,0.887,
lee-limon,210,2026-09-20T23:54:41.030+00:00,1789948481.030080,1789948481.031625,ok,1.506,
escribe-sj,215,2026-09-20T23:54:41.008+00:00,1789948481.008569,1789948481.031770,ok,23.182,
lee-sj,223,2026-09-20T23:54:41.028+00:00,1789948481.028649,1789948481.040446,ok,11.770,
escribe-limon,199,2026-09-20T23:54:41.075+00:00,1789948481.075249,1789948481.097410,ok,22.121,
escribe-cruza,199,2026-09-20T23:54:41.139+00:00,1789948481.139046,1789948481.162551,ok,23.461,
lee-moneda,256,2026-09-20T23:54:41.209+00:00,1789948481.209168,1789948481.210033,ok,0.832,
lee-limon,211,2026-09-20T23:54:41.230+00:00,1789948481.230143,1789948481.231597,ok,1.425,
lee-moneda,257,2026-09-20T23:54:41.409+00:00,1789948481.409239,1789948481.410235,ok,0.965,
lee-moneda,258,2026-09-20T23:54:41.609+00:00,1789948481.609317,1789948481.610452,ok,1.103,
lee-moneda,259,2026-09-20T23:54:41.809+00:00,1789948481.809406,1789948481.810368,ok,0.931,
lee-moneda,260,2026-09-20T23:54:42.009+00:00,1789948482.009478,1789948482.010599,ok,1.093,
lee-moneda,261,2026-09-20T23:54:42.209+00:00,1789948482.209550,1789948482.210413,ok,0.837,
escribe-sj,216,2026-09-20T23:54:41.208+00:00,1789948481.208639,1789948482.353557,ok,1144.856,
escribe-limon,200,2026-09-20T23:54:41.275+00:00,1789948481.275316,1789948482.354125,ok,1078.775,
lee-moneda,262,2026-09-20T23:54:42.409+00:00,1789948482.409658,1789948482.410693,ok,1.007,
lee-sj,224,2026-09-20T23:54:41.228+00:00,1789948481.228718,1789948482.447134,ok,1218.376,
lee-limon,212,2026-09-20T23:54:41.430+00:00,1789948481.430206,1789948482.448911,ok,1018.635,
lee-moneda,263,2026-09-20T23:54:42.609+00:00,1789948482.609766,1789948482.610797,ok,1.003,
escribe-sj,217,2026-09-20T23:54:42.353+00:00,1789948482.353738,1789948482.662117,ok,308.340,
lee-sj,225,2026-09-20T23:54:42.447+00:00,1789948482.447472,1789948482.708235,ok,260.722,
lee-sj,226,2026-09-20T23:54:42.708+00:00,1789948482.708358,1789948482.710029,ok,1.636,
lee-moneda,264,2026-09-20T23:54:42.809+00:00,1789948482.809803,1789948482.810788,ok,0.924,
escribe-sj,218,2026-09-20T23:54:42.662+00:00,1789948482.662250,1789948482.865834,ok,203.530,
lee-sj,227,2026-09-20T23:54:42.908+00:00,1789948482.908474,1789948482.951661,ok,43.152,
lee-moneda,265,2026-09-20T23:54:43.009+00:00,1789948483.009874,1789948483.010877,ok,0.969,
escribe-cruza,200,2026-09-20T23:54:41.339+00:00,1789948481.339119,1789948483.120398,ok,1781.240,
lee-moneda,266,2026-09-20T23:54:43.209+00:00,1789948483.209941,1789948483.210994,ok,1.021,
escribe-limon,201,2026-09-20T23:54:42.355+00:00,1789948482.355248,1789948483.379894,ok,1024.604,
lee-moneda,267,2026-09-20T23:54:43.410+00:00,1789948483.410007,1789948483.410899,ok,0.860,
escribe-sj,219,2026-09-20T23:54:42.865+00:00,1789948482.865959,1789948483.454696,ok,588.698,
lee-limon,213,2026-09-20T23:54:42.449+00:00,1789948482.449071,1789948483.454873,ok,1005.726,
lee-limon,214,2026-09-20T23:54:43.455+00:00,1789948483.455168,1789948483.456951,ok,1.753,
lee-sj,228,2026-09-20T23:54:43.108+00:00,1789948483.108581,1789948483.510317,ok,401.671,
lee-sj,229,2026-09-20T23:54:43.510+00:00,1789948483.510572,1789948483.511877,ok,1.274,
lee-moneda,268,2026-09-20T23:54:43.610+00:00,1789948483.610078,1789948483.611058,ok,0.947,
escribe-limon,202,2026-09-20T23:54:43.380+00:00,1789948483.380103,1789948483.662645,ok,282.500,
lee-moneda,269,2026-09-20T23:54:43.810+00:00,1789948483.810147,1789948483.811163,ok,0.978,
lee-moneda,270,2026-09-20T23:54:44.914+00:00,1789948484.914352,1789948484.915506,ok,1.124,
lee-moneda,271,2026-09-20T23:54:45.114+00:00,1789948485.114418,1789948485.115506,ok,1.047,
escribe-cruza,201,2026-09-20T23:54:43.120+00:00,1789948483.120528,1789948485.124627,error,2004.053,QueryCanceled: query execution canceled due to statement timeout
lee-moneda,272,2026-09-20T23:54:45.314+00:00,1789948485.314521,1789948485.315472,ok,0.925,
lee-moneda,273,2026-09-20T23:54:45.514+00:00,1789948485.514626,1789948485.515466,ok,0.815,
escribe-sj,220,2026-09-20T23:54:43.454+00:00,1789948483.454920,1789948485.583556,error,2128.569,QueryCanceled: query execution canceled due to statement timeout
lee-limon,215,2026-09-20T23:54:43.655+00:00,1789948483.655274,1789948485.657628,error,2002.327,QueryCanceled: query execution canceled due to statement timeout
escribe-limon,203,2026-09-20T23:54:43.662+00:00,1789948483.662775,1789948485.666332,error,2003.512,QueryCanceled: query execution canceled due to statement timeout
lee-sj,230,2026-09-20T23:54:43.710+00:00,1789948483.710597,1789948485.713233,error,2002.605,QueryCanceled: query execution canceled due to statement timeout
lee-moneda,274,2026-09-20T23:54:45.714+00:00,1789948485.714706,1789948485.715517,ok,0.778,
lee-moneda,275,2026-09-20T23:54:45.914+00:00,1789948485.914776,1789948485.915698,ok,0.889,
lee-moneda,276,2026-09-20T23:54:46.114+00:00,1789948486.114844,1789948486.115763,ok,0.887,
escribe-cruza,202,2026-09-20T23:54:45.124+00:00,1789948485.124738,1789948487.128001,error,2003.238,QueryCanceled: query execution canceled due to statement timeout
escribe-sj,221,2026-09-20T23:54:45.583+00:00,1789948485.583717,1789948487.586919,error,2003.171,QueryCanceled: query execution canceled due to statement timeout
lee-limon,216,2026-09-20T23:54:45.657+00:00,1789948485.657736,1789948487.905071,error,2001.962,QueryCanceled: query execution canceled due to statement timeout
escribe-limon,204,2026-09-20T23:54:45.666+00:00,1789948485.666477,1789948487.905503,error,2003.068,QueryCanceled: query execution canceled due to statement timeout
lee-sj,231,2026-09-20T23:54:45.713+00:00,1789948485.713348,1789948487.905776,error,2001.797,QueryCanceled: query execution canceled due to statement timeout
lee-moneda,277,2026-09-20T23:54:46.314+00:00,1789948486.314913,1789948488.317201,error,2002.229,QueryCanceled: query execution canceled due to statement timeout
lee-limon,217,2026-09-20T23:54:47.905+00:00,1789948487.905544,1789948488.542583,ok,637.000,
lee-moneda,278,2026-09-20T23:54:48.317+00:00,1789948488.317327,1789948488.744140,ok,426.777,
lee-moneda,279,2026-09-20T23:54:48.744+00:00,1789948488.744283,1789948488.745492,ok,1.175,
escribe-limon,205,2026-09-20T23:54:47.905+00:00,1789948487.905938,1789948488.749003,ok,843.033,
lee-limon,218,2026-09-20T23:54:48.542+00:00,1789948488.542738,1789948488.757966,ok,215.190,
lee-limon,219,2026-09-20T23:54:48.758+00:00,1789948488.758154,1789948488.760507,ok,2.316,
escribe-limon,206,2026-09-20T23:54:48.749+00:00,1789948488.749181,1789948488.779605,ok,30.386,
lee-sj,232,2026-09-20T23:54:47.906+00:00,1789948487.906399,1789948488.815214,ok,908.777,
lee-sj,233,2026-09-20T23:54:48.816+00:00,1789948488.816042,1789948488.834903,ok,18.824,
escribe-sj,222,2026-09-20T23:54:47.904+00:00,1789948487.904826,1789948488.885963,ok,981.010,
escribe-cruza,203,2026-09-20T23:54:47.128+00:00,1789948487.128113,1789948488.917841,ok,1789.685,
lee-moneda,280,2026-09-20T23:54:48.944+00:00,1789948488.944357,1789948488.945402,ok,1.010,
escribe-sj,223,2026-09-20T23:54:48.886+00:00,1789948488.886123,1789948488.948676,ok,62.515,
escribe-cruza,204,2026-09-20T23:54:48.917+00:00,1789948488.917966,1789948488.978796,ok,60.795,
escribe-limon,207,2026-09-20T23:54:48.949+00:00,1789948488.949250,1789948489.005255,ok,55.931,
lee-limon,220,2026-09-20T23:54:48.958+00:00,1789948488.958446,1789948489.015801,ok,57.324,
lee-sj,234,2026-09-20T23:54:49.016+00:00,1789948489.016106,1789948489.017234,ok,1.102,
escribe-sj,224,2026-09-20T23:54:49.086+00:00,1789948489.086175,1789948489.112526,ok,26.305,
lee-moneda,281,2026-09-20T23:54:49.144+00:00,1789948489.144401,1789948489.145674,ok,1.238,
lee-sj,235,2026-09-20T23:54:49.216+00:00,1789948489.216209,1789948489.218299,ok,2.053,
lee-moneda,282,2026-09-20T23:54:49.344+00:00,1789948489.344472,1789948489.345460,ok,0.962,
lee-moneda,283,2026-09-20T23:54:49.544+00:00,1789948489.544553,1789948489.545653,ok,1.066,
lee-limon,221,2026-09-20T23:54:49.158+00:00,1789948489.158518,1789948489.582171,ok,423.609,
lee-limon,222,2026-09-20T23:54:49.582+00:00,1789948489.582282,1789948489.584262,ok,1.949,
escribe-cruza,205,2026-09-20T23:54:49.118+00:00,1789948489.118034,1789948489.602498,ok,484.422,
escribe-sj,225,2026-09-20T23:54:49.286+00:00,1789948489.286257,1789948489.636637,ok,350.342,
lee-sj,236,2026-09-20T23:54:49.416+00:00,1789948489.416277,1789948489.647037,ok,230.704,
lee-sj,237,2026-09-20T23:54:49.647+00:00,1789948489.647177,1789948489.648510,ok,1.301,
escribe-cruza,206,2026-09-20T23:54:49.602+00:00,1789948489.602617,1789948489.664941,ok,62.282,
escribe-limon,208,2026-09-20T23:54:49.149+00:00,1789948489.149317,1789948489.706068,ok,556.709,
escribe-sj,226,2026-09-20T23:54:49.636+00:00,1789948489.636793,1789948489.721382,ok,84.333,
escribe-limon,209,2026-09-20T23:54:49.706+00:00,1789948489.706172,1789948489.736390,ok,30.074,
lee-moneda,284,2026-09-20T23:54:49.744+00:00,1789948489.744622,1789948489.745522,ok,0.870,
lee-limon,223,2026-09-20T23:54:49.782+00:00,1789948489.782366,1789948489.784180,ok,1.767,
escribe-cruza,207,2026-09-20T23:54:49.802+00:00,1789948489.802725,1789948489.827409,ok,24.639,
escribe-sj,227,2026-09-20T23:54:49.836+00:00,1789948489.836914,1789948489.860389,ok,23.402,
lee-sj,238,2026-09-20T23:54:49.847+00:00,1789948489.847248,1789948489.865929,ok,18.654,
escribe-limon,210,2026-09-20T23:54:49.906+00:00,1789948489.906270,1789948489.931679,ok,25.369,
lee-moneda,285,2026-09-20T23:54:49.944+00:00,1789948489.944695,1789948489.945543,ok,0.815,
lee-limon,224,2026-09-20T23:54:49.982+00:00,1789948489.982447,1789948489.984363,ok,1.872,
escribe-cruza,208,2026-09-20T23:54:50.002+00:00,1789948490.002798,1789948490.026467,ok,23.585,
lee-sj,239,2026-09-20T23:54:50.047+00:00,1789948490.047331,1789948490.048548,ok,1.175,
escribe-sj,228,2026-09-20T23:54:50.036+00:00,1789948490.036999,1789948490.072653,ok,35.619,
escribe-limon,211,2026-09-20T23:54:50.106+00:00,1789948490.106339,1789948490.128663,ok,22.284,
lee-moneda,286,2026-09-20T23:54:50.144+00:00,1789948490.144720,1789948490.145781,ok,1.022,
lee-limon,225,2026-09-20T23:54:50.182+00:00,1789948490.182556,1789948490.184091,ok,1.501,
